"Product Name","Price_TND"
"Iboolo Handheld 10X Dermatoscope With Ce Certified","694.61"
"Portable Diathermy Machine High Frequency Electrosurgical Cutter Cautery Unit","3157.30"
"Probe Reduction Forceps Surgical Basic Instrument Tool","15.79"
"Surgical Instruments Hot Sale Surgical Electrosurgical Disposable Esu Pencil Supplier","0.32"
"Multi-Purpose Diagnostic Set Applications Otoscope Ophthalmoscope Diagnostic","126.29"
"Suppliers Disposable Surgical 55W Skin Stapler Acos Skin Stapler Automatic Skin Stapler","5.05"
"Disposable Skin Stapler 35W Surgical Staples","4.89"
"Multi-Purpose Diagnostic Set Applications Otoscope Ophthalmoscope Diagnostic","126.29"
"Male Circumcision Stapler Visual Disposable Circumcision","59.99"
"90W Urology Surgical Instruments Ureter Stricture Vaginal Treatment Holmium Laser Prostate","91561.70"
"Pusm Surgical Instruments Retractor","63.15"
"Veterinary High Frequency Unit High Frequency Unit","1736.52"
"Cl40E Co2 Laser Surgical Equipment Ent Disease Treatment","78932.50"
"Laparoscopic Simulator /Trainer Box For Students Training Instruments","236.80"
"Surgical Elastomeric Ring Rubber Band Anal Hemorrhoid Ligation For Hemorrhoids Treatment Surgery","31.57"
"2022 Full Hd Endoscopy Camera With Screen Endoscope Cameras Laparoscopy Urology Surgery Equipment","6314.60"
"Lipo Laser Lipolysis Equipment Body Shaping Laser With Ce 980Nm Diode Laser","18943.80"
"Multi-Purpose Diagnostic Set Applications Otoscope Ophthalmoscope Diagnostic","126.29"
"Iris Scissor General Surgery Scissor Orthopedic Instruments Dental Tools House Of General Surgery","2.53"
"Quality Reliable And With Nice Performance Endoscope Disposable Video Laryngoscope For Adult Vls-Il","944.03"
"Icu Anesthesia Portable Electronic Digital Diagnostic Video Laryngoscope","3157.30"
"Dp-Ge50 Smoke Evacuator","2683.70"
"Obstetrical Forceps Surgical And Gynecology Instruments Manufacturer","9.44"
"Wholesale Price Cusco Vaginal Speculum Gynecology Cusco Speculum","9.47"
"Hot Sale Factory High Quality Pph Tst Hemorrhoid Stapler Anastomosis","94.72"
"Dts-3000 Easy Checking And Cleaning Upgraded Version Reliable Safety Products","11997.74"
"Otoscope Custom Color Mini Fiber Optic Otoscope For Ear Eye Throat Diagnostic","28.42"
"Supply Disposable Circumcision Stapler Male Circumcision","47.99"
"Free Design Japanese Piercing Oem Parts Surgical Micro Forceps","4.74"
"Surgical Instruments Cyclodialysis Spatula At Lowest Price Cyclodialysis Spatula","21.47"
"Ent Instruments Mini Otoscope Fiber Optic For Diagnostic Examination","15.76"
"Yd-335A Commercial Equipment Clinical Analysis Instrument Semi Automatic Rotary Microtome","5367.41"
"Medicla Esd-Kwb5 Medicla Hospital Lab Clinic Wbc Leukocyte Analysis Blood Analysis System Portable Wbc White Blood Cell Analyzer","1941.74"
"Simple Innovative Products Efficient Performance Commercial Automated Blood Coagulation Analyzer","2178.54"
"Affordable Analyzer Ce Certified Portable Semi-Auto Electrolyte Analyzer Provider","2841.57"
"Lab Equipment Real Time Pcr Clinical Analytical Instruments Qpcr Price","44202.20"
"China Made 7 In 1 Blood Testing Dry Biochemical Blood Lipid Hemoglobin Analysis Meter","649.457"
"Dymind Dh26 Hematology Analyzer 3 Part Cbc Hematology Analyzer Blood Testing Equipments","7258.633"
"China Hitachi Automatic Analysis Vertical Auto Chemistry Analyzer","19890.99"
"Cms6600B Four-Channel Electromygram Eeg Ep System Electromyography Emg Equipment","6721.892"
"Vivo Light Portable Vein Finder Vein Viewer Clinical Analytical Instruments","944.033"
"Handheld Vein Viewer /Vein Detector Price","944.033"
"Handheld Ce Infrared Vein Finder","6516.668"
"Roundfin Rd-315 Clinical Analytical Instruments Rotary Hand Price Manual Freezing Tiuuse Microtome","8524.71"
"Lansionbio Analyzer Diagnostic Immunoassay Quantitative Analyzer Poct Ls-4000","3157.3"
"High Precision Veterinary Hematology Analyzer Pet Clinical Analytical Instrument Gm-Hr800C","6630.33"
"Handheld Vein Viewer /Vein Detector Price","2525.84"
"Bpm-U300 Sediment Price Albumin Creatinine Urine Chemistry Analyzer","1578.65"
"Grade Quantum Magnetic Resonance Quantum Therapy Analyzer","151.551"
"Supplies Red Light Led Veinfinder Infrared Vein Finder","56.832"
"Manufacturer Portable Handheld Vein Viewer Vein Detector","1578.65"
"Physical Therapy Equipments Biophilia Intruder Oximeters Pulse","4420.22"
"Biostellar Hospital Visual Vein Finder Use In Hospital And Help Nurse Inject For Patient Vein Locator","66.304"
"Sysmex Automatic Xs-1000I Blood Cell Analyzer Clinical Instruments","18943.8"
"Portable Electromyogram Emg Ep Machine Emg Price With Nerve And Muscle Stimulator","5998.87"
"Pediatric Blood Vessel Locator And Displaying Vein Map Directly On Skin","5209.545"
"2021 Best Instruments Vein Finder Portable Infrared Vein Finder","221.011"
"Sy-G090T Portable Infrared Vein Viewer Vein Finder","625.146"
"Hot Sale Ce Infrared Vein Finder 7 Colors Available Portable Vein Finder","2999.435"
"Vidas Reagents - Biomerieux Reagents Top Brand Clinical Analytical Instruments -","31.573"
"Factory Manufacture Automatic Nucleic Acid Extractor","17365.15"
"Infrared Handheld Finger Vein Scanner, Arm Vein Finder , Hospital","6156.735"
"New! Height Weight Health Checkup Full Body Diagnosis Test","11366.28"
"Blood Vessel Finder With Ce Certificate","631.46"
"Biobase China Hot Sale Vein Finder Bkvd-1201M Body Venipuncture In Stock Lcd Display For Clinical And","4735.95"
"Infrared Vein Finder Detector Vein Imaging Compact","86.826"
"Portable Mslvt30 Equipment Vein Viewer Infrared Vein Finder","2102.762"
"Getein 1160 Poct Oem Portable Multiple Channels Immunoassay Analyzer Clinical Analytical Instrument","2525.84"
"Handheld Iv Vein Artery Finder Red Light Infrared Vein Finder /Detector/Viwer/System/Machine","3157.3"
"Biobase China Portable Infrared Vein Finder Vein Imaging For Injection","3473.03"
"Cheaper Price Vein Finder Handheld For School Lab Vein Imaging System Doctors Nurses Vein Viewer Illumination","4613.447"
"Portable Vein Finder Portable Adult Transilluminator Rechargeable Vein Finder Vein Detector","56.832"
"Hot-Selling Equipment Visual Display Body Facial Vein Finder Hospital For Hospital Use","2522.683"
"Portable Automatic Urine Test Strips Analyzer For Hospital Ck-60 Health Clinical Laboratory Diagnostic Chemistry","1768.088"
"High Performance Digital 12 Channel 12 Lead Ecg/Ekg Machine Electrocardiograph Hospital","4104.49"
"Huali First Aid Trauma Kit Supplies Special Style Shipped Within 15 Days First Aid Kit","3.126"
"Hospital Portable Emergency Equipment 7 Inch Screen 5-Lead Ecg Defibrillator","5304.264"
"Operation Table Manufacturers Hot Selling Or Operating Table/ Equipments/Hospital Instruments","14299.412"
"Latex Free Elastic Disposable Tourniquet","0.1263"
"First Aid Spinning Pre-Hospital Life Saving Hemorrhage Control Application Rescue Blood Tourniquet","5.242"
"First Aid Supplies Amazon Good Price And Design Mini Individual Travel First Aid Kit Full Household First Aid Kit With Supplies","7.894"
"First Aid Kit With Emergency Supplies For Outdoor Survival Use","3.789"
"Fast Response Defibrillator Aed Rescue Kit","7.894"
"Equipment Defi8 Defibrillator Monitor Heart Shock With Ecg Monitor","4417.063"
"Manufacturing Waterproof Military Tactical Backpack Emergency Rescue First Aid","10.104"
"Equipment Breathing Mouth Adult Hard Case Cpr Mask First Aid Cpr Mask With One Valve","3.631"
"Hf-8000A Automated External Defibrillator Equipmentemergency Supplies & Training","3946.625"
"2022 Manufacture Hot Sale First-Aid Travel Abs First-Aid Bags","9.472"
"Portable Infant Resuscitator Pigeon T Piece Neopuff Temporary Breathing","3157.3"
"Icu Bridge Electrical Ot Pendant Bridge For Supplies","2210.11"
"Good Price Wrap Tape Orthopedic Fiberglass Splint For Wound Dressing","4.105"
"Defi8 Defibrillator Monitor Heart Shock With Ecg Monitor","8840.44"
"Wholesale Portable First Aid Light Weight Folding Scoop Stretcher With Straps","221.011"
"Oem Emergency Survival Kit Box Metal First Aid Kit First-Aid","128.66"
"Abs Elastic Compression Adjustable Tourniquet Band With Buckle","0.0316"
"Semi-Automatic And Manual Aed Defibrillator For Ambulance","4735.95"
"Rescue Breathing Cpr Bag For Emergency Situation","182.429"
"Portable Ecg High Quality Ecg 6 Channel Ecg For Hospital And Clinic","1531.291"
"Huali Manufacture Ifak Tactical First Aid Kit","7.199"
"Ebola Negative Pressure Isolation Chamber Stretcher","10513.809"
"Outdoor Camping 31 In 1 Emergency Supplies First Aid Case Waterproof First-Aid Box Portable Trauma Kit","28.732"
"Aspirator Body Electric Vacuum Suction Machine","378.876"
"Manufacturing Customized Waterproof Aluminum First Aid Case","15.787"
"Defi8 Defibrillator Monitor Heart Shock With Ecg Monitor","8208.98"
"Oem Customized Pvc With Equipment Products Kits 200 300 Piece Box First Aid Kit","18.944"
"Biphasic Low Energy Aed Defibrillator 50J For Kids 150J Aed Automated External Defibrillator","2683.705"
"Manufacture Multiparameter Monitor","1326.066"
"Ready To Ship First Aid Disposable Manual Surgical Pneumatic Tourniquet Cuffemergency Medi","94.719"
"Portable Cardiac Defibrillator Monitor Heart Shock With Ecg Monitor","8840.44"
"Best Selling Functional Tourniquet Tpe Es March Bandage","0.0632"
"Outdoor Adventure Equipment Design Outdoor Emergency Trauma Kit","27.153"
"Hot Selling Waterproof Rescue Large First Aid Kit Bags","31.573"
"First Aid Kits In The Company'S Family","160.328"
"Ce Approval China Defi8 Defibrillator Monitor Heart Shock With Ecg.Spo2.Nibp.Resp.Pr.Temp","8208.98"
"Equipment Breathing Mouth Adult Hard Case Cpr Mask First Aid Cpr Mask With One Valve","3.158"
"Biphasic Low Energy Aed Defibrillator 150J Universal Aed Automated External Defibrillators","2494.267"
"Manual Tourniquet Medicalemergency Supplies & Training","11.051"
"Self Testing Lh Ovulation Test Diagnostic Test Kits Lh Ovulation Rapid Test Colloidal Gold Ovulation Predictor Complete Starter Kit","0.1263"
"Single Use Vaginal Speculum Dilator Set Disposable With Middle Screw","0.3884"
"Manufacture Disposable Plastic Cusco Speculum","1.895"
"Deepblue Rapid 1 Step Fecal Occult Blood Diagnostic Test Kit Tumor Marker Test Kit With Ce","0.7894"
"Manufacturer Cheap Price Various Size Disposable Sterile Light Source Vaginal Speculum Dilator","0.4168"
"High Quality Curette Biopsy Endometrial At Best Price","18.313"
"Production Of Sterile And Painless Speculum For Disposable Vaginal Examination","0.7894"
"Manufacturing Of Sterile Automatic Rotary Sampling Gun","1105.055"
"Factory Non-Toxic Non-Irritating Sterile Disposable L,M,S Polymer Materials Speculum Vaginal With Screw","0.3158"
"Manufacturing Of Rechargeable Surgical Lights For Hospitals","8.841"
"2022 Ireland Supply Infant Care Equipment For Warm Keeping","6314.6"
"Vaginal Speculum Low Price","0.3789"
"Sterile And Specimen Manufacturing And Storage Disposable Virus Collection Swabs","0.4736"
"Large Animal Vaginal Speculum Low Price","0.3884"
"Hot Selling Manufacturing Electric Stent Gynecological Colposcope Operating Table","694.606"
"Children Vaginal Speculum Sizes Low Price","0.3884"
"Factory Transparent Nontoxic Aseptic L,M,S,Xs,Xxs Size Vaginal Speculum Vaginal Dilator Set","0.3884"
"Vaginal Speculum/ Dilator French Type Vaginal Speculum","0.3884"
"Hot Selling 16G,18G,19G,20G,21G,22G,23G,24G,25G,26G,27G,28G,29G,30G Syringe 1Ml Needles 25 G X 1","0.3158"
"Good Quality Manufacturer Cheap Prices Sterile Hypodermic Needles For Syringe Use 16G,18G,19G,20G,21G,22G,23G,24G,25G,27G,30G","0.3158"
"Wholesale Lumbar Disc Support Fracture Rehabilitation Belt Breathable Elastic Waist Support","18.629"
"Two Crank Bed 2 Function Hospital Bed Nursing Bed For Patients","284.157"
"Hospital Manual Bed Hot Sale Adjustable Hospital Bed Equipment Furniture Abs Double-Crank Manual Bed","631.46"
"Hospital Head Foot Board Distributor Bed Accessories Bed Panel System","54.906"
"Multi Functional Electric Icu Bed High Quality Hospital Patient Bed","694.606"
"Multi-Function Electric Intensive Care Hospital Bed Stainless Steel Adjustable Patient Clinic Bed","741.966"
"Hospital Beds Price Home Use Multi-Function 5 Functions Hospital Electric Beds For The Elderly","1420.785"
"Factory Wholesale Transport Stretcher Transfer Trolley Hospital Bed","1199.774"
"Thickened Steel Material Lumbar Spine Rehabilitation Traction Bed Multifunctional Traction Bed Body Stretch Bed","186.281"
"Mobile Laptop Cart Hospital Trolley With 360 Degree Rotation Wheels","56.2"
"Made Different Types Of Gas Outlet Gas Terminal","63.146"
"Bca-132 1 Crank Hospital Bed Produced By Meiisun, A Manufacturer In Shanghai","378.876"
"Biobase China Punching Double-Crank Hospital Bed For Hospital Patient","568.31"
"S336 Kareway Hospital And Center Bed Manufacturer Hospital Bed","1736.52"
"Biobase Hot Selling $11 Super Discount Mf201S Hospital Patient Use Punching Double-Crank Hospital Bed","315.73"
"2 Crank Hospital Bed Produced By Meiisun, A Manufacturer In Foshan","457.809"
"Factory Production Bakcrest Patient Transfer Manual Connecting Transfer Stretcher For Operation Room","4031.873"
"Manufacturer Supply 3 Crank Nursing Manual Hospital Beds","407.292"
"Supply Accept Custom Two Functions Hospital Treatment Bed","1420.785"
"Where Can Buy Multifunction Standing Hospital Bed","6311.443"
"High Quality Abs Mobile Cart Hospital Patient Silent Wheels Nursing Treatment Emergency Trolley With Drawers","710.393"
"Factory Direct Sale Manufacturer Durable Hospital Bed","205.225"
"2 Crank Manual Two Functions Bed","631.46"
"High Efficiency Abs Manual Bed Elderly Patient Hospital Bed For Sale","1231.347"
"Supply Exporters Oem Odm Equipment Aluminium Alloy Guard Bar Electric Hospital Bed","1262.92"
"Manufacturer Bedside Service System Equipment With High Standard Bedside Unit","44.203"
"Comfortable Portable Examination Couch Hospital Hydraulic Bed & Couch Supplies From India","884.044"
"Hot Sale Instrument Sprain Shoulder Abduction Orthosis Brace","94.719"
"Biobase China Hospital Bed Punching Single-Crank Bedside Cabinet Rehabilitation Assistance","473.595"
"Advanced Folding Rehabilitation Equipment Carbon Steel Traction Bed For The Treatment Of Cervical And Lumbar Spine","186.281"
"Wholesale Economic 2 Crank Patient Clinic Manual Hospital Bed For Sick","176.809"
"Supply Sales Oem Odm Luxury Equipment Electric Adjustable Hospital Bed For Health Care","1420.785"
"Electric Disabled Elderly Hospital Home Care Hospital Patient Bed Multifunctional Nursing Bed","1010.336"
"Latest Quality Pre - Treated Plain Examination Couch Table Furniture Wholesaler From India","205.225"
"Biobase Hot Selling Hospital Bed Punching Single-Crank Bedside Cabinet Rehabilitation Assistance","315.73"
"Supplier One Crank Patient Metal Manual Hospital Bed","233.641"
"Supply Exporters Long Service Life Electric Nursing Home Care Hospital Bed","1357.639"
"Quality Assurance Hospital Semi Fowler Bed Electric Top Selling Hospital Furniture / Hospital Beds Supply In India","884.044"
"Biobase Hot Selling Hospital Bed Mf103S High Quality And Durable Slatted Single-Crank Hospital Bed","157.865"
"Biobase Hospital Bed Mf201S Hospital Patient Use Punching Double-Crank Hospital Bed Sales Promotion Super","312.573"
"S Biobase Hospital Bed Mf201S Hospital Patient Use Punching Double-Crank Hospital Bed","312.573"
"Eu-Tb503 Physiotherapy Equipment Lumbar Cervical Traction Treatment Table Traction Bed","3788.76"
"High Quality Intelligent Infusion System En-V7 Stackable Infusion Pump","1562.864"
"Original Factory Hospital Use Gas Outlets Chemetron","47.36"
"Buy Elderly Nurse Call System For Sale Pendant Nurse Call Price","15786.5"
"Vacuum Regulator With Suction Bottle For Hospital Use Vacuum Suction","63.146"
"Customized Nurse Call System Hospital Gas Bed Head Unit Metal Led Customized- 1-6M Oxygen Supply System","1259.763"
"Manufactured Air Outlet Gas Terminal","13.577"
"Hemodialysis Hm-2028M Hospital Patient Hemodialysis Equipment","30938.383"
"Made Different Types Of Gas Outlet Gas Terminal","47.36"
"Convenient Manual Wheelchair With Toilet Rehabilitation","110.999"
"Union Hot Selling Single Channel Electric Syringe Pump","884.044"
"Equipment Infusion Stand Base Three/Four/Five Claw Base","10.735"
"Hospital Wards Bed Head Unit With Gas Outlet","142.079"
"Hot Sale Buoy Type Regulator Oxygen Flow Meter For Hospital Or Clinic Use","47.36"
"Meditech Automatic Folding Cervical And Lumbar Bed Orthopedic Traction Stretcher Bed Mt-P048","173.652"
"Alibaba Adjustable Exam Table","631.46"
"Automatic 3 Function Bed Square Abs Head Board For Paralyzed","947.19"
"Aluminum Alloy Bed Head Unit For Hospital","142.079"
"Training Bed Series Manual Vertical Patient Bed And Rehabilitation Equipment","1891.223"
"Rehabilitation Therapy Supplier G5 Functional Aluminum Wheelchair","530.427"
"High Demand Products Manual Standard Steel Style Ergonomic Manual Wheelchair In Rehabilitation Therapy Supplies","205.225"
"Rehabilitation Therapy Supplier G5 Functional Aluminum Light Weight Manual Wheelchair","520.955"
"Export Quality Products Aluminum Lightweight Wheelchair And Wheelchair Cushion In Rehabilitation Therapy Supplies","419.921"
"Rehabilitation Equipment Carbon Steel Durable Traditional Wheelchair","3.158"
"Rehabilitation Equipment Ventilate Strong China Supplier Wheelchair","3.158"
"Rehabilitation Hospital Nursing Home Adjustable 5 Functional Manual Hospital Wheelchair Beds","1070.325"
"Hot Sell Steel Manual Standard Wheelchair","230.483"
"Standard Steel Transport Manual Wheelchair In Rehabilitation Therapy Supplies Hot Hot Sell","3.158"
"2019 Hot Sell Aluminum Foldable Power Wheelchair With Motor Controller Electric Wheelchair","2494.267"
"Aluminum Reclining Wheelchair Rehabilitation Therapy Supplies And Multifunction Wheelchair","3.158"
"Electric Patient Hoist Patient Lift With Ce","1310.28"
"Steel Manual Commode Wheelchair For Disabled Gaf-01809","110.506"
"2-Section Electric Elevating Pelvic Chiropractic Bed","1578.65"
"Icu Room Electric 3 Function Hospital Bed With 6 Folding Stainless Rails","947.19"
"Electric Hospital Bed Folding Side Rails Stainless Material Hospital Bed","947.19"
"Cheap Price China Manufacturer Direct Sale Function 3 Electric Hospital Bed","947.19"
"Abs Head Board Hospital Basic 2 Cranks Hospital Bed For Disabled","198.595"
"Hot Sale 2 Function Hospital Bed With 4 Noiseless Casters Movable Bed","198.595"
"Elderly Home Nursing Multi-Functional Hospital Bed With Wooden Dinning Table","715.326"
"45 Width Seat Wheelchair Comfortable Adult Wheelchair China Manufacturer","131.72"
"Portable Dental Xray Unit Machine For Dental X Ray Sensor","1894.38"
"Profession High End Hospital Instruments X Ray Equipment Profession Digital High Frequency Mobile Photographic X-Ray Machine","9471.9"
"Bojin Instrument Portable Fluoroscopy Low Dose X-Ray Machine Bji-2J2","4735.95"
"Minimally Invasive Interventional Surgery Manual Bone Drill Machine","277.843"
"High Safety Portable X Ray Machine High Frequency Portable X-Ray Equipment","5051.68"
"X-Ray Equipments Accessories High Frequency Hospital 4Kw Digital Portable X Ray System","7577.52"
"Digital X-Ray Machine Prices Factory Price 630Ma Dr Xray Equipment Digital Radiography System 50Kw X-Ray Machine","25258.4"
"Pld9000A Hf X Ray Machine Equipment","3157.3"
"High Frequency Digital Fluoroscopy Mobile C Arm X Ray Machine","146498.72"
"Green Laser Line Movable Support Bracket Positioning Gauge","15780.186"
"High Demand Import Products Safety Grade Commercial Diagnostic X-Ray Machine","11050.55"
"Chinese X Ray Film Digitizer Scanner With Report Functions For Sale","3157.3"
"Japan X-Ray Imaging Thermal Film Di-Hl 14X17"" (35X43Cm)","1499.718"
"High Frequency Dental X Ray Unit Portable Dental X Ray Machine With Digital Sensor","1578.65"
"Movable Support Aluminum Alloy Bracket Positioning","15780.186"
"Latest Innovative Products Grade Cost Effective Commercial Diagnostic X-Ray Machine","7893.25"
"Handheld Rechargeable Multifunction Power Tool Mini Drill Bone","372.562"
"Handheld Rechargeable Bone Drill Set For Cancer Treatment","372.562"
"Fuji Drypix Use Clear Film Agfa X Ray Film 14X17 For Hospital Cr, Dr, Ct Equipment","1.042"
"Cbct Dental X-Ray Tomographic System Cone Beam Ct Scan Dental X Ray Machine","126292"
"Digital Portable Dental X Ray Machine With Good Price","2519.526"
"Cbct Dental X-Ray Unit System Cbct Scan Dental X Ray Machine For Sale Dental Product 2022 New Style Dental Machine","126292"
"Unit Of X-Ray Mslhx06","25258.4"
"100Mm Lumbar Sternal Abdominal Cavity Puncture Needles","1572.336"
"Hospital Instrument Xray Bji-2J","22101.1"
"Movable Bracket Arbitrary Spatial Location Positioning Support Gauge","25252.086"
"Stainless Steel Aluminum Alloy Movable Bracket Positioning Support Gauge","25252.086"
"In-D4343A Clinic Wireless Xray Detector For Vet Use","56831.4"
"S-Type Head-Neck-Shoulder Thermoplastic Mask For Radiotherapy Fixation System With Iso/Ce","88.405"
"Rehabilitation Finger Orthosis Orthopedic Splint Finger Splint For Finger Protect Posture Corrector","17.366"
"Heating And Magnetic Vibrator Therapeutic Equipment Rehabilitation Equipment For Hospital","1578.65"
"My-A003C Ultrasound Instruments Various Probes Ultrasound Machine","2914.188"
"Prostate Cancer Treatment Radioactive Seed Implant For Cancer Treatment","1572.336"
"Reinforce S-Type Head-Neck-Shoulder Thermoplastic Mask For Radiotherapy Positioning System","94.719"
"Physical Therapy Equipments Grade 5-Liter Oxygen Machine","947.19"
"Infrared Therapy Lamp For Pain Infrared Lamp For Body Care And Physical Therapy Efficient For Waist Pain Relieve","50.517"
"Oxygen-Concentrator 10L 110V 220V 50Hz 60Hz Portable Super Silent Oxygen-Concentrator 10L With 15L Flow Meter","1736.515"
"Bone Laser 25Wpain Laser","10523.281"
"Medris Ready Stock To Deliver Commercial 96% Purity O2 Generator Machin Hospital Oxygen Concentrator With Nebulizer","505.168"
"Orthopedic Thermoplastic Splint Sheet","63.146"
"Hot Sale High Quality 3L 5L 10L Oxygen Concentrator For And Home Use","789.325"
"Physical Therapy Pads Equipments Defibrillation Electrodes For Defibrillator Adult","25.259"
"Factory Oem Health","118.431"
"High Flow Nasal Cannula Oxygen Concentrator 5 Liter","884.044"
"Tens Unit Electrical Nerve Stimulator","51.97"
"Hydraulic Pressure Lumbar Traction ,Back Support Lumbar Traction","299.944"
"Pain Relief Focused Extracorporeal Shockwave Therapy Machine","1796.504"
"Top Manufacturer Pain Relief Physiotherapy Equipment Rehabilitation Machine Multifunction Laser Therapy","186.281"
"Chinese Sale Innovative Smart Wireless Electronic Health Therapeutic Infrared Irradiator Machine","336.095"
"Manufacturers","1259.763"
"Rehabilitation Therapy Laser","2210.11"
"650Nm 808Nm Red Light Handheld Low Level Laser Pain Relief Cold Laser Therapy","236.798"
"Tens Unit Ems Machine Pain Relief Muscle Stimulator Body Massager Physiotherapy Instrument Therapy","37.888"
"High Quality Pain Relief Pulsed Electromagnetic Musculoskeletal Magneto Therapy Magnetic Therapy","473.595"
"Infrared Laser Therapy With Ce Certificate","173.652"
"Orthopedic Finger Splint Finger Splint Support Brace Price Finger Splint For Stroke Rehabilitation","86.826"
"Optics Visual Therapy Tool Vision Training Tool Therapy Card Unsuppressed Polarization Reading Uni","56.832"
"Best Selling Health Equipment Physical Therapy Traction Machine Physiotherapy Portable Ultrasound Physiotherapy","7893.25"
"Pain Relief Physiotherapy Equipment Rehabilitation Machine Multifunction Laser Therapy","2210.11"
"Shock Wave Therapy For Pain Relief Treatment","3785.603"
"Youjie Physiotherapy Inflatable Pillow Pump Neck Collar Neck Brace Cervical Traction","6.284"
"Lipo Laser Lipolysis Equipment Body Shaping Laser With Ce 980Nm Diode Laser","17365.15"
"5*5Cm Sticky Physiotherapy Electrodes Self Adhesive Electrodes Pads For Tens Unit","0.7578"
"Dog Electric Rehabilitation Treadmill Walking Rehab","884.044"
"Pulse Laser Therapy From Laser Pain Center For Carpal Tunnel Treatment","7015.521"
"2021 Aofeite Air Inflatable Neck Traction Cervical Headache Pain /Relief Neck Pain Collar","9.157"
"Cervical And Lumbar Tractor Cervical And Lumbar Stretching Table Home Lumbar Disc Herniation Treatment","173.652"
"Best Selling Product Physiotherapy Shock Wave Therapy Equipment For Electromagnetic Painrelief Therapy","4101.333"
"New Invention Best Seller Physiotherapy Use Best Ultrasound Machine For Physical Therapy For Back Pain","628.303"
"Smart Handhold Cold Laser Powercure For Pain Relief","356.775"
"With Torque Setting Function Knee Cpm Machine","4262.355"
"Tens Ems Other Household For Pain Relief Rehabilitation Massage Muscle Stimulation","28.416"
"Therapy Ultrasound 1Mhz Ultrasound Pain Relief Ed Treatment For Clinic Use","533.584"
"Grip Force 55 Sets Of Hand Strength Rehabilitation Training Five Finger Force Silicone Grip Ring Grip","11.051"
"Physical Therapy Anti Aging Pain Relief Treatment Ultrasound Therapy Machine","299.912"
"Phototherapy Low Level Laser Therapy For Lower Back Pain Relief Knee Arthritis Home Treatment Lllt 808Nm","252.584"
"Dental Handpiece Tubine Manufacturer High Speed Handpiece","50.378"
"Dentist Dental Equipment Other Instruments Lab Unit Price Electric Suntem Portable Dental Chair Price","3463.46"
"New Products Dental Chair Unit With Led Dental Operation Lamp S350 Mobile","11334.96"
"Dental Equipment Manufacturer Factory Dental Chair Price Sale Dental Unit Set Machine Luxury Led Dental Chairs","472.29"
"Rayme Korean Portable Dental Xray Unit Digital Handle Camera Scanner X Ray Portable Xray Dental Machine With Sensor Set","314.86"
"2021 High Quality Production Cheap Chair Full China Dental Unit","5034.612"
"Best Price Dental Chair Oral Dental","2991.17"
"2025 200W 50000Rpm Brushless Surgical Instruments Electronic Micro Motor Dental Machine","351.006"
"Factory Wholesale Disposable Bendable Dental Micro Applicator","1.417"
"Dental Chair Best Price Dental Chair Oral Dental Ce Approved Integral Portable Dental Unit","2518.88"
"Dental Ultrasonic Scaler Portable Scaler Detachable High Quality In Cheap Price With Hot Selling","409.287"
"Good Quality Stainless Steel Dental Probes Oral Care Set Custom Logo Dental Probe","5.133"
"Dental Tools Kit Teeth Cleaning Set Dental Pick Stainless Steel Dental Hygiene Set Dentistry Tools","0.0315"
"Portable And Foldable Dental Chair With Ce Iso Certificate","3148.6"
"Hospital Dental Supplies Laboratory X-Ray Surgical Ultrasound Surgery Instruments Health Equipments","3148.6"
"Full Computer Control Best Price Oral Dental Dental Chair Dental Equipment","7241.78"
"Electromagnetic Wax Melting Machine Other Dental Equipments","600.124"
"Dental Orthodontic Instruments Dental Extraction Elevators For Dental Use Equipment","12.595"
"Scalers Instruments Dental Student Instruments Other Dental Equipment'S","2.047"
"Dental Equipments Other Dental Equipments Customization Dental Instruments Orthodontic Instruments","16.058"
"Dental Cleaning Tools 6 Pack Dental Hygiene Kit Teeth Tool Set For Home Use High Quality In Wholesale Low Price","6.927"
"2022 New Dental Root-Canal Pluggers","5.983"
"Best Price Dental Chair Oral Dental","692692"
"Dental Loupe With Led Light Dental Equipment For In Good Price","283.374"
"Mars International Tiltable Dental Operating Microscope Health & Quality Manufacturer","7868.352"
"New Arrival Goldman Fox Scissors Curved Tip Dental Surgical Micro Shears","3.779"
"New Style Abs Enclosure Suction Machine Health Ogas Suction Pumpri","157.43"
"Senn Muller Dental Retractor 55X11Mm","18.892"
"980Nm Dental Soft Bio Surgical Laser Therapy","6297.2"
"Indian Manufacturer Curved Tip Dental Blade","3.149"
"Home Teeth Whitening Gel Dental Care With Bleaching Kit Led Whitening","81.864"
"Dental Snoring Anti Snoring Snoring Brackets Orthodontics","0.9446"
"Paper-Film Sterilization Pouch Rolls/Reels For Packing","12.595"
"Dental Stainless Steel Dental Tweezer Teeth Clean Tools Dentistry Instrument","0.3149"
"Dental Mirror 1 Piece Mouth Mirror Stainless Steel Surgical Tools Mouth Tools Profession By Ht","1.543"
"Codyson Cd-4862 Ultrasonic","393.418"
"Dental Dental Stainless Steel Tweezers Lab Equipment Best Quality Of Dental Instruments","9.415"
"Dental Painless Dental Endodontic Periodontal Treatment","724.178"
"New Three Air Water Nozzle Tip/ 3 Ways Syringe","0.0441"
"Stainless Steel Dental Air Polisher Airflow With 360 Degree Nozzle Rotation / Dental Air Prophy Sandblasting Gun","157.43"
"Hot Selling China Ultrasonic Cleaner With Cheap Price,Uc-020S","157.43"
"China Factory Cheek Retractor Mouth Opener For Salon And Dental Clinic Teeth Whitening","1.575"
"Durable Quality Handheld Assistive","409.318"
"Popular Yjd108+109Fn Low Noise Dental Lab Brush Micromotor Max Speed 45000Rpm","220.402"
"Teeth Whitening Unit(Chair Side Attached) With Ce&Iso,Teeth Bleaching","1102.01"
"Korea Dental Brand Good Price Acrylic Resin For","157.43"
"Dental Natural Curve Rubber Comfortable Flexible Oral Mouth Prop","4.723"
"Cheapest And High Quality Dental High Speed Handpiece With Ce Iso","31.486"
"Dental Implant Stainless Steel Dental Explorer Probe | Caremed Instruments","0.3149"
"Dental Tartar Scraper Tarter Remover Tool Dental Pick Double Ended Dental Kit","0.0315"
"High Quality Dental Tweezer Dressing Low Moq Customized Dental Tweezers","0.3149"
"Dental Instrument Dental Extraction Forceps Set Adult Tooth Extracting Forceps","14.169"
"China Factory Low Price Dental Mouth Cheek Retractor With C Type","1.575"
"Better Breathe New Style Lung Respiratory Breath Exercise Breathing Trainer","3.149"
"Full Dental Oral Led Flash Mobile Photography Light Equipment","151.133"
"Manufacture Cheap 100% Preventing A Loose Pad Teeth Braces For Adults","11.965"
"Sy-E016 High Quality Dental Nitrous Oxide Sedation System Kit For Dental Clinic","944.58"
"Dental Teeth Whitening Machine Machine Blanchiment Dentaire Professionnel Lampe Blanchiment Dentaire","613.977"
"High Technology Handpiece 4 Holes Press Water Dental Hand Piece","69.27"
"Amazon Hot Sale Pack Of Teeth Grinding Night Protector Athletic Mouth Guard Dental Night Guard","1.386"
"Design Dental Plastic Retainer Instrument Box Retainer Case","0.9446"
"2021 Wholesale Pa-01 Rgb+1 Facial Beauty Selectable Benefits Ultimate And Personalized Facial Treatment","2204.02"
"Dental Chair Clampable Teeth Whitening Bleaching Lamp Dental Cold Light Instrument 110V/220V","103.904"
"Dental Disposable Hot Sale Imported Stainless Holding Needle","0.0315"
"Xr High-Quality Dental Consumables Color-Coded Gutta-Percha Tip Filling Material Gp For Dental Use","5.259"
"Dressing Surgical Dental Tweezers Forceps Dental Lab Dental Instrument Tweezers","6.266"
"Implant Surgical Instruments Kit Dental Bone Surgery Preparing Set Prf Box","157.43"
"Teeth Cleaning Dental Hygiene Kit 4 Tools Set Dentist Approved /Dental Explorers /1 X 4 Adult Green Hexagonal Green","9.446"
"Wholesale Price Electrosurgical Bayonet Bipolar Forceps Surgical Instruments Diathermy Forceps","9.446"
"Digital Led Display Dental Equipment Intraoral Camera Dental Endoscope Monitor For Dental Clinic","519.519"
"Dental Equipment High Quality Dental Handpiece Oil Lubrication Machine And Cleaner","299.117"
"Wholesale Price Electrosurgical Bayonet Bipolar Forceps Surgical Instruments Diathermy Forceps","6.298"
"15Pcs Multicolor Dental Dentist Rubber Dam Clamp Set Orthodontic Material Dentist Lab Perforator Puncher Teeth Care Plier","0.6298"
"Dental Tools Kit 6Pcs Teeth Cleaning Tools Set Oral Care Kit With Tooth Pick High Quality In Wholesale Low Price","7.242"
"Bone Compression Kit Surgical Implant Dental Surgery Instruments","220.402"
"Manufacture Stainless Steel Surgical Bone Holding Forceps","110.201"
"Dr Whiten Dental Whitening Kit Bleaching Accelerator","47.229"
"Hot Sale Lower Price Good Quality Teeth Root Canal Dental Gates Drills Files","6.298"
"Classical Adec Dental Unit Functional Clinic Hydraulic Dental Chair","6923.772"
"Eco Dental Composite Sets New 6 Pcs Dental Composite Instruments Gold Complete Set With Kit Orthodontic Plier By Dh","37.784"
"Dental Equipment Spot Welder Machine Instruments","23614.5"
"Dental Myricko 4-Hole High Speed Dental Handpiece With Push Button","45.214"
"Root Fragment Stieglitz Stainless Steel Dental Instruments Stainless Steel Instruments","10.548"
"Factory Wholesale Manufacture Price Cheap China Dental Needle Irrigation","1.26"
"Dental Orthodontic Wire Bending Weingart Pliers Set With Tc Ortho","15.743"
"Dental Extracting Forceps Pattern Made With Grade Steel","14.327"
"High Quality Single Use Plastic .Handle Dental Mirror. Dental Examination Diagnostic Mouth Mirror","1.575"
"Codyson Dental Tools Ultrasonic Cleaner With Ce Rohs Gs Approval Cd - 4821","173.551"
"Dental Lab Denture Dental Flexible Denture Dental Price","132.242"
"Dental Orthodontic Root Tip Elevator Dentistry Dentist Instrument Full Stainless Steel","5.038"
"2021 Wholesale Factory Store Hospital Equipment Cpap Machine With Humidifier Nlf-200C","14168.7"
"Ysden-Seal06 Dental Sealing Machine Dental Unit Instrument","818.636"
"Minter Dental Endodontic Treatment Wireless Brushless Endo Motor With Apex Locator Rechargeable Base","563.6"
"Disposable Dental Oral Cavity Kit","0.3149"
"Sunlight Dental Unit With High Quality Dental Chair With Two Dentist Stool","3148.6"
"Hot Selling China Ultrasonic Cleaner With Cheap Price,Uc-60S","629.72"
"Good Price Dental Teeth Whitening Accelerator","62.972"
"New Hot Selling High-Quality Laser Pen High-Power Laser Pen","15743"
"Dental Handpiece Cleaning Lubricate System","278.841"
"Dental Equipment'S Dental Implant Stainless Steel Explorer Probe | Caremed Instruments","0.3149"
"Portable Digital Rvg Dental X-Ray Sensor X Ray Dental Xray Sensor","3085.628"
"Dental Cleaning Kit Including Stainless Steel Scaler Probe Excavator And Mouth Mirror","0.0315"
"Dental Impression Trays Set Of 6 Stainless Steel Health Perforated Autoclavable","3.118"
"3Pcs/Set Tooth Orthodontic Trainer Silicone Material Guard","11.021"
"Good Quality Plastic/Polymer S/M/L Autoclave Dental Impression Tray Dental Model Base For Treatment","7.557"
"Dental Mini 0.022 Sets Metal Teeth Orthodontic Bracket","4.062"
"Dental Supplies Colorful Disposable Nylon Dual-Use Polishing Soft Cup","0.1638"
"Best Selling Xr Good Dental Ultrasound Scaler For Application","623.423"
"Teeth Polishing Handpiece Dental Hand Piece 4 Holes Press Water Dental Handpiece","66.121"
"Dental Composite Sets New 6 Pcs Dental Composite Instruments Gold Complete Set With Kit Orthodontic Plier By Dh","40.932"
"Dental Care Set Tooth Cleaning Tartar Dental Oral Hygiene Kit High Quality In Wholesale Low Price","6.14"
"Dental Equipment Handpiece Scaler Light Cure Oral Camera Air Compressor Clinic Cheap Dental Chair Set","7833.717"
"Root Elevators Bein 2Mm Dental Surgical Instruments The Basis Of Surgical Instruments","4.251"
"Cleaning Board Sedimentation Tank Gypsum Filter Dental Laboratory Equipment","122.796"
"Dentist Orthodontic Adson Tc Forceps Surgical Tweezers Manufacturer Dental Tweezer","6.266"
"Portable Dental Cleaning Dental Ultrasonic Scaler Machine Dental Scaler Tips","220.402"
">Dental Orthodontic Root Elevator 720/27 720/28 Dentistry Dentist Instrument Full Stainless Steel","5.038"
"Dental Lab 3D Printed Partial Dentures Denture Dental Silicone","132.242"
"Dental Implant Box - High Grade Prf And Grf Box","157.43"
"Hot Selling China Ultrasonic Cleaner With Cheap Price,Uc-031S","472.29"
"Dental Elevator Root Luxuriating Curved Tip Stainless Steel Elevators | Caremed Instruments","6.298"
"Dental Scraper Tool Stainless Steel Dental Tarter Scraper For Tooth Dentist","0.0315"
"Excellent Quality Stainless Steel Dental Instruments Long Dentist Mouth Mirror","6.298"
"Health & Design For Dental Tweezer Dental Instruments Equipment","3.118"
"Hot Selling Plastic/Polymer S/M/L Autoclave Dental Impression Tray Dental Base Plate For Treatment","7.557"
"Manufacture Cheap 50 Set Teeth Orthodontics Braces Mbt Orthodontic Brackets","4.346"
"Designed For Tooth Green Cleaning Hard Root Canal Cleaning Brush","0.4723"
"Xr Filling Auxiliary Materials Endo-Points Gutta Percha Points With Depth Marked 04 Taper For Dental","6.613"
"Best Selling Cone Beam Ct Multifunctional Dental Cbct Radiology Equipment","78715"
"2022 Hot Dental Orthodontic Oem Tear Drop Thermal Forming Plier Orthodontic Aligner Plier Clear Appliance Instrument","141.687"
"Electronic Oem Blood Glucose Test Diabetic Machine","9.446"
"Portable Sphygmomanometer Bp Monitor Checking Professional Upper Arm Digital Ambulatory Manual Blood Pressure Monitor","25.158"
"Handheld Dynamic Ecg Systems 12 Channel 24 Hours Holter Ecg","752.516"
"Blood Sugar Testing Equipment Portable Blood Glucometer","23.615"
"Blood Pressure Cofoe Wholesale Bp Monitor Automatic Arm Blood Pressure Monitor","24.874"
"Upper Arm Blood Pressure Monitor Sphygmomanometer","23.615"
"Bp Blood Pressure Monitor Other","25.189"
"Self Monitoring Portable Intelligent Digital Blood Glucose Meter Glucometer Strips Blood Glucose Meter","12.5"
"Cheap Price Insumos Medicos Equipos Ultrasonic Portable Asthma Inhaler Mesh Nebulizer Machine","25.189"
"Handheld Nebulizers Inhaler Ultrasonic Mesh Nebulizer Portable Nebulizador Portatil","23.615"
"Arm Type Digital Blood Pressure Electronic Bp Machines","20.466"
"Physical Therapy Equipments Atomizers Portable Mesh Nebulizer Inhaler Suction Machine","37.784"
"Other One Button Start Portable Mahince Nebulize Ultrasonic Inhaler","28.338"
"High Quality Sphygmomanometer Arm Tensiometers Oem Bp Machine Electronic Blood Pressure Monitor Other","25.158"
"Factory Price Accu Answer 4 In 1 Blood Glucose Meter Cholesterol And Uric Acid Hemoglobin Meter","72.418"
"Other Blood Pressure Testing Equipments Tensiometro Manual","12.595"
"Other Led Light Therapy Pdt Treatment Body Pain Relief","170.025"
"6 In 1 Smart Telemedicine Ecg Holter Sp02 Temperature Blood Sugar Sensor All In One Portable","330.603"
"Supplies Other Equipment Ultrasonic Portable Inhaler Mesh Nebulizer Machine","18.861"
"Homecare Ne-J01 Mini Nebulizer Oxygen Concentrator Nebulizer","28.338"
"My-G029G Arm Electronic Sphygmomanometer Digital Blood Pressure Monitor","25.189"
"Ce Certified 5-Second Rapid Blood Glucose Meter Accurately Tests","16.058"
"Upper Arm Digital Apparatus Blood Pressure Monitor Other","21.065"
"Hot Millimeter Wave Instrument For Body Care And Disease Therapy","2200.872"
"Hot Selling Hospital Equipment Automatic Portable Cpap Machine Bipap Apap For Night Sleep Snoring Home Use","566.748"
"Manufacturers Sale Grade Inhalation Nebulizer Compressor Other","31.486"
"Best Selling Products And Supplies Portable Compressor Nebulizer Machine","29.912"
"Tensiometro Manual Blood Pressure Monitor Aneroid Sphygmomanometer With Stethoscope","15.114"
"Durable Sprayers Portable Compression Nebulizer Health Care","22.041"
"Upper Arm Bp Monitor Blood Pressure With Large Cuff 22-42Cm For Adult Bp Equipment","43.766"
"Durable Sprayers Portable Compression Nebulizer Health Care","30.857"
"Hes-3 Digital Vital Monitor Mobile Equipment Handheld Portable Telemedicine For Clinic","3148.6"
"Wholesale Berrcom Other Bp Cuff Sphygmomanometer Smart Blood Pressure Monitor","37.815"
"Supplies Other Equipment Ultrasonic Portable Inhaler Mesh Nebulizer Machine","28.338"
"Other Other Consumables Tubing Wrap Soft Cpap/Bilevel Hose Tube Cove","34.635"
"Factory Cuastom Upper Arm Digital Bp Apparatus Blood Pressure Monitor Other","21.065"
"Health Supplies Other Handheld Portable Handheld Pulse Oximeter Equipment","179.471"
"Jasun Fast Dispatch Low Noise Inhalation Mesh Nebulizer For Care For Cough Other","37.784"
"Starcare Other Consumables Digital Thermometer Flexible Tip Baby Care","1.512"
"High Quality Portable Nebulization O2 Oxygen Concentrator Generator For Room","346.346"
"Other Aviche A35 1-5L Oxygen Concentrator With Nebulizer","755.664"
"Choicemmed Electrocardiografo Ekg Recorder Elettrocardiografo Wireless Monitor Blue Tooth Ecg Machine Md100B","206.234"
"Blood Pressure Machine For Home Use Healthcare Supply Wholesale Korean","62.972"
"Competitive Price Thermometer Thermometer Baby Digital Thermometer","1.323"
"Factory Price Mute Mini Home Inhaler Ultrasonic Atomizer Usb Portable Handheld Mesh Nebulizer","29.881"
"Hospital Healthcare Equipment Machine Equipment Home Care Electric Suction Machine","147.985"
"Portable Ecg Machine Pocket Ecg Holter Holter Ecg","280.226"
"Manual Aneroid Sphygmomanometer Blood Pressure Monitor Meter Tonometer Cuff Measure With Stethoscope Home","14.169"
"Health Care Lcd Thermometers Checking Oral Thermometer","0.7872"
"Stable Performance High Efficiency Other 5L 10L Grade Oxygen-Concentrator","591.937"
"Wireless Portable Knee Massage , Health & Portable Electronic Knee Massager Warm Laser","94.458"
"Berry Professional Cheap Nice Big Display Pulse Oximeter Fingertip","9.446"
"Konheal Cytometer Ce Hospital Baby Digital Handheld Finger Clip Fingertip Pulse Oximeter","9.415"
"Ce Iso Approved Home Supplies Portable Compressor Electronic Diffuser Nebulizer","64.547"
"Orientemd Best Mercury Sphygmomanometer With Ce Iso","27.078"
"Factory Nebulizer Machine Compact Inhaler Electric Compressor Nebulizer","32.746"
"Battery Operated Ultrasonic Nebulizer For Asthma Portable Electric Inhaler Machine","88.161"
"Standard Supplies Blood Pressure Monitoring Arm Blood Pressure Meter","21.096"
"Berrcom New Product Lcd Screen Thermometer Children'S Thermometer Fever Thermometer","1.575"
"2022 Intelligent Type Electronic Blood Pressure Monitor-Upper Arm Type","18.262"
"Best Selling Durable Electronic Sphygmomanometer","20.466"
"Hra-Ii Disease Detective Machines For High Blood Pressure,Diabetes, No Harm To The Body","3.149"
"Yuwell Manual Desktop Blood Pressure Measuring Instrument Upper Arm Type Arm Type Measuring Sphygmomanometer","472.29"
"New High Quality Good Price Four Ball Breathing Trainer Lung Capacity Lung Function Exercise Rehabilitation","21.726"
"Spo2 Monitor Equipment Bluetooth To Test The User Oxygen Saturation And Pr Finger Pulse Oximeter","47.229"
"Top Selling Automatic Free Turgoscope B05 And Blood Pressure Monitor With Lcd Display","28.653"
"Diabetes Digital Test Strips International Blood Sugar Meters Monitors Electronic Digital Blood Glucose Meter","22.041"
"Eg20 New Products Family Home Use Snap Ecg /Portable Mini Ecg Machine","157.43"
"Electronic Wrist Hot Sale Figital Wrist Blood Pressure Monitor","37.784"
"Professional Dual Head Cardiology Cute Stethoscope For Doctor Nurse Vet Student Chest Piece","3.936"
"Factory Price Electric Nasal Irrigation Nose Cleaning For Use","37.784"
"Blood Pressure Monitor, Portable Or Aneroid Sphygmomanometer With Stethoscope","18.892"
"Hochey Elderly Monitoring Pediatric Blood Pressure Sphygmomanometer Infant Smart Bp Monitor","25.189"
"Blood Glucose Meter For Measuring Blood Sugar Glucometer With Diabetic Test Strips For Diabetes Glucometro","19.301"
"Professional Hospital Upper Arm Digital Blood Pressure Monitor With Lcd Display","34.635"
"Clinical Electronic Sphygmomanometer Arm Digital Bp Machine Blood Pressure Monitor Factory","20.781"
"Sphygmomanometer Arm Wrist Digital Blood Pressure Monitor","31.455"
"Handheld Baby Cvs Asthma Inhaler Mesh Nebulizer Machine Portable Ultrasonic Nebulisers Nebulizador Portatil","31.172"
"Oem Color Nebulizer Inhaler Compressor Nebulizer Listed On Amazon","29.031"
"Blood Pressure Monitor With Ye660E Family Heath Care Electric Plastic Ce Yuwell Large Lcd Display","53.527"
"High Quality Non Invasion Machine Test Blood Sugar Monitor With Test Strip Blood Glucose Meter","30.857"
"Oxygen Oxygen Concentrator 5L High Capacity Portable Cheap Wholesale Price","629.72"
"Ozone Generator Ozone Machine Ozone Air Purifier Sterilization Disinfection Formaldehyde Odor Removal","374.684"
"Home Use Portable Oxygen Generator Factory Price 93% High Purity Portable Oxygen Concentrator Oxygen","425.061"
"Mini First Aid Kit For Car Use Or Outdoor Travel Use","12.563"
"Clinical 8D Nls Blood Pressure Monitor Cardiovascular System Health Protection Instrument","1007.552"
"Wholesale House Use Checking Arm Type Electronic Bp Blood Pressure Check Machines Digital","14.169"
"Blood Sugar Test Machine Multifunctional Intelligent Noninvasive Optima Blood Glucose Meter","19.837"
"Mini Cough Drug Portable Handheld Inhaler Baby Mesk Nebulizers Nebul Mesh Ultrasonic Nebulizer For Children","26.764"
"All In One Telehealth Homecare Blood Pressure Monitor Diabetes Monitor Glucometro","330.603"
"Other Blood Pressure","25.189"
"Hospital Digital Bp Monitor Machine Cheap Upper Arm Blood Pressure Monitor Price","23.615"
"Pain Relief Photodynamic Therapy For Menstrual Pain Sports Injuries Wound Healing","3.149"
"Digital Blood Pressure Monitor","21.411"
"Pdt Therapy Other Pain Relief Photodynamic Skin Care","1133.496"
"Manufacture Health Homecare Ce Approved Smart Ultrasound Handheld Mesh Nebulizer Diffuser","34.005"
"Wholesale Remote Monitoring Arm Type Blood Pressure Monitor","62.658"
"Smart Blood Pressure Machine Aneroid Sphygmomanometer Bp Apparatus Smart Digit Blood Pressure Monitor","49.119"
"Handheld Atomizer Nebulizador Mesh Nebuliz Portatil Mini Handheld Portable Inhale Nebulizer","23.898"
"Lastek New Inventions Cold Laser Therapi Diabetic Watch For Blood Pressure Other","236.145"
"European Standard Other Heart Rate Spo2 App Finger Monitor Eos Pulse Ecg Card","214.105"
"New Arrival Other Low Price Blood Pressure Monitor Wrist Blood Pressure Monitor","20.089"
"Wholesale Berrcom Other Sphygmomanometer Smart Bp Cuff Blood Pressure Monitor","37.815"
"Other Physical Therapy Equipments Atomizers Portable Mesh Nebulizer Inhaler Suction Machine","37.784"
"2022 New Arrived Bp Meter Speaker Wrist Blood Pressure Monitor","30.542"
"Fasting Blood Sugar Test Monitor Other Blood Glucose Strips Test Strips","15.743"
"Nebulizer Machine Electric Asthma Nebulizer","31.486"
"Wholesale Other Bp Adjustable Cuff Sphygmomanometer Digital Blood Pressure Monitor","26.764"
"New Design High Quality Yellow Back Glass Thermometer Glass Clinical Thermometer","1.103"
"Health Fitness Hospital Arm Digital Blood Pressure Monitor","17.601"
"Home Blood Pressure Promotion Sphygmomanometer Diagnostic Test","15.743"
"Ce Approved Physical Therapy Equipments Air Massage Therapy For Full Legs And Hipster Circulation And Relaxation","724.178"
"Pm50 Wireless Multiparameter Patient Monitoring Vital Signs Telemedicine","406.17"
"Manual Aneroid Sphygmomanometer Blood Pressure Monitor Meter Tonometer Cuff Measure With Stethoscope Home","14.169"
"Health Blood Glucose Meter Accu Chek Glucose Meter Machine Other Product","22.985"
"Diabetes Equipment Blood Sugar Testing With Test Paper","11.021"
"Sejoy Equipment Strips For Glucometer","1.575"
"Factory Direct Paralysis Negative Pressure Sputum Suction Baby Electric Sputum Suction","141.687"
"Home Use Bp Machine Sphygmomanometer Arm Tensiometers Electronic Blood Pressure Monitor","25.158"
"Oem Manufacturer Baby Temperature Clinical Digital Thermometers","1.354"
"Good Price Healthcare Products Electric Mode Power Wheelchair Foldable Electric Wheelchair","879.09"
"Biobase Equipment Wheelchairs Manual Lightweight Folding Electric Wheelchair","251.888"
"Biobase Mfw880L Rehabilitation Disabled Use Electronic Smart Wheelchair","251.888"
"Artificial Limbs Implant Prosthetic Leg Parts Below Knee Joint For Leg Prosthesis","173.173"
"Elderly Used Manual Travel Wheelchair Mt Comfortable Elderly Used Manual Travel Wheelchair For Disabled","81.864"
"Contactless Humanl Scanner Temperature Meter Forehead Thermometer","25.189"
"Ce Physiotherapy Orthopedic Elbow Joint Protector Orthosis Brace Support Splint With Dynamic Rom","48.489"
"Whole-Body Functional Training Equipment With Intelligent Sensor","34603.114"
"Folding Walking Aid Walker Frame For Disabled Crutch Lightweight Standing Frame Aluminum Hospital","12.595"
"New Design Magnetotherapy Equipment Pain Relief Electromagnetic Magnetic Super Transduction Pm-St","6294.052"
"Lastek Ces Shock Wave Insomnia Sleep Aid Physical Therapy Equipment","188.916"
"Hydrocollator With Hot Packs","4093.18"
"Hospital Rehabilitation Equipment Rehabilitation Walking Frame Walking Assist","724.178"
"Orthopedic Adjustable Hip And Knee Brace Support Protector Orthosis Rehabilitation With Hinge For Fracture Adult","330.603"
"Fes Foot Drop System Xft G3 Walking Rehab For Drop Foot Treatment","94.458"
"Elastic Neoprene Hinged Knee Brace","80.857"
"Hospital Rehabilitation Equipment Rehabilitation Walking Frame Walking Assist","724.178"
"Good Effect Ed Electromagnetic Extracorporeal Shock Wave Therapy Machine Pain Relief","4678.82"
"Made In Italy Premium Quality Muscle Modeling Slimming Machine For Export","26218.393"
"Equipment Electric Patient Lifter Disabled Transfer - Transfer Chair, Lifting","2830.592"
"Foot Drop Treatment Xft-2001D Stroke Rehabilitation","94.458"
"Dms Deep Muscle Stimulator Physiotherapy","2833.74"
"Adjustable Orthopedic Jewett Brace","175.378"
"Top Quality Italian Nhc 1.5Ata Mc750 Hard Type Hyperbaric Chamber Cabin For Use","9326.154"
"Physiotherapy Hand Stroke Finger Exercise Training Function Equipment Robot Hand Rehabilitation","613.977"
"Rehabilitation Robot Manufacture Gait Rehabilitation Training","787150"
"Prosthetic Orthopaedic Suppliers For Sale Hand Rehabilitation","26.764"
"Teleco High Quality Neck Traction By Air Cervical Collar For Neck Disc Herniation","94.458"
"Special Selling New Model Comfortable Walking Assist","75.567"
"Knee Lower Limb Rehabilitation Training","4880.33"
"Portable Neck Stretcher Decompression And Pain Relief Physiotherapy Equipment Cervical Vertebra Traction","113.35"
"Ces Sleeping Treatment No Side Effect Anti Insomnia Therapy For Home Use","188.916"
"Lumbar Traction","503.776"
"Rehabilitation Equipment Stroke Patient Recovery Hand Exercises","944.58"
"Msloe1251 Limbs Rehabilitation For Active And Passive Rehabilitation Training","314.86"
"Portable Physiotherapy Vest Airway Clearance System Vibrator For Child And Adult","7871.5"
"Fes Stroke Rehabilitation Foot Drop System Healthcare Footdrop","94.458"
"Sling Exercise Equipment Suspension Therapy System With Ceiling Track For Children Set For Exercise In Suspension","13494.9"
"Folding Powered Mobility Scooter Chair Electric Wheelchair Chair For The Elderly Rehabilitation","4417.486"
"Orthopedics Rehabilitation And Physiotherapy Extracorporeal Shock Wave Therapy Equipment Eswt","2141.048"
"Hospital Physiotherapy Rehabilitation Equipment Lower Limb Physical Therapy","2833.74"
"Bmc Gii Auto Cpap E-20A Healthcare Portable Sleep Apnea Anti Snoring Home Use With Humidifier Free Parts","1102.01"
"Elderly Wheelchair Assistant Disable Stepping Wheelchair Aids Stair Climbing Machine Electric Steps Climbing Machine","2015.104"
"Physical Therapy Gait Training Equipment Rehabilitation","14168.7"
"Sling Exercise Therapy (S-E-T) For Child Balance Training Rehabilitation Training","3.149"
"Shoulder Arm Abduction Orthosis Rehabilitation Post Op","62.972"
"Passive Training Hand Therapy Equipment - Advanced Occupational Therapy Finger Rehabilitation Robotics","469.142"
"Orthopedic Ankle Joint Protection Fixation","93.388"
"Eminent Upgraded Height Adjustable Rehabilitation Fixed Support Orthopedic Thoracolumbar Brace","119.332"
"Top Quality Lightweight Osteoarthritis Oa Knee Brace Hinged Knee Brace","78.715"
"Afo Foot Drop Brace Ankle Foot Orthosis Support Drop Foot Postural Correction Brace","22.041"
"Walker Fracture Boot Tall- Full Recovery, Protection And Healing Walking Boot - Toe, Foot Or Ankle Injuries","93.829"
"Disposable Supply Post Surgery Compression Bra (P)","31.486"
"Health Care Rollator Convenient For Disabled Folding Adjustable Walker Physiotherapy Equipment With Double Hand Brake","31.486"
"6 Sections Chiropractic Bed Treatmeat Equipment Rehabilitation Machine","14168.7"
"Comfortable Adjustable Disabled Aluminum Alloy Elbow Underarm Crutch","4.723"
"13Cm Cast Elastic Surgical Carbon Fiber Stockinette Cover For Prosthetic Legs","62.972"
"Used Portable Diasbled Patient Electric Foldable Up And Down Stair Climbing Power Wheelchair Rehabilitation Equipment","2298.478"
"Color Low Temperature Thermoplastic Splint Materials For Occupation Therapy","62.972"
"Orthopedic Arm Sling With Abduction Pillow Upper Limb Orthosis Shoulder Brace With Pillow Arm Sling","19.994"
"Mt Factory Directly Sale Detachable Elderly Electric Wheelchair","1196.468"
"Mkx-Ywj-01A Superior Multi-Functional Wheelchair With Back Opening Convenient For Patient Transfer, Shower And Commode","846.974"
"Stroke Rehabilitation Gait Training Robotics","787150"
"Health Care Pressotherapy Lymphedema Compression Massage Machine 12 Chamber Blood Circulation, Sport Muscle Recovery 65W","2046.59"
"New ! In Stock Lightweight Standing Frame Aluminum Folding Walking Aid Walker Frame For Disabled Walking Frame","31.172"
"Teleco Top Quality Inflatable Cervical Collar Air Neck Traction","94.458"
"Velpeau Grade Foot Ankle Protector Gel Version Comfort Stabilizer Rehabilitation Sports Ankle Sock Brace","53.212"
"Hospital Cerebral Palsy Equipment For Children Type Standing Frame","472.29"
"Adjustable High Quality Orthopedic Drop Ankle Foot Leg Orthosis Of Lower Limb Orthoses","330.603"
"New Patent Foshan Highway Foldable Steel Durable Rollator 3 Wheel Walker Steel Rollator With Shopping Bag","151.133"
"Biobase Wholesaler Walking Stick Aluminum Four-Legged Crutches Cane Walking Stick For Elderly","9.446"
"Aluminum Foldable Lightweight Electric Wheel Chair Folding Recling Electric Power Wheelchairmotor For Equipment","1511.328"
"Physiotherapy Shockwave Shock Wave Pain Relief Ultrasound Shockwave Therapy Machine Extracorporeal Shockwave","5979.192"
"Manufacturer Handicapped Wheelchair Foldable Electric Wheelchair","192.065"
"Rehabilitation Therapy Hospital Patient Transfer Disabled Lifting Chair Commode Shower Electric Wheelchair Seat Toilet","1190.171"
"Equipment Walking Aid Stainless Steel Aluminum Alloy Crutches Axillary Crutches","25.189"
"Ce Approved Fes Foot Drop Treatment For Stroke Rehabilitation","94.458"
"Rehabilitation Walking Assistant Walking Frame For Adult Using","488.033"
"Multi Function Home Care Rehabilitation Nursing Bed","3463.46"
"Hot Selling Manual Wheelchair Small Size Portable Rehabilitation Disabled Self-Pushing Wheelchair","76.511"
"Factory Direct Saleshospital Beds Prices Medicalmedical Beds For Saleelectric Bed","1279.119"
"Biobase Mfw880L Stair Climbing Wheelchair Rehabilitation Disabled Use Electronic Smart Wheelchair","393.575"
"Equipment Functional Electrical Stimulation For Stroke Rehabilitation Fes Stimulation Foot Drop Equipment","944.58"
"Exercise Rehabilitation Physical Therapy Frosted Table","34571.628"
"Post Op Articulated Adjustable Range Of Motion For Arthritis For Healing Osteoarthritis Leg Support Knee Brace","22.009"
"Rehabilitation Equipment Aluminum Mobility Folding Motorized Manual Electric Power Wheelchair","409.318"
"Chinese Verified Supplier Pressure Relief Air Bed Mattress With Pump","425.061"
"Adjustable Elbow Brace Arm Sling","44.081"
"Lightweight Walker Rollator With Seat And Brakes","110.201"
"Kooeej High Quality Cheap Rehabilitation Care Portable Electric Mini Exercise Bike For Disabled","2424.422"
"Aluminum Disabled Crutches Elbow For Hospital And Home Used Walking Crutch For Old","12.595"
"Thermoplastic Orthopedic Phalangeal Joints Trigger Finger Splint","15.743"
"Recovery Rehabilitation Adjustable Orthopedic Hip Abduction Brace Hinged Hip Support Brace For Adult","61.713"
"Chiropractic Bed Treatment Rehabilitation Equipment Used In Hospital 6 Sections High Quality Hot Sale","15743"
"Hkjd 2022 Hot Selling Manufacturer Orthopaedic Aircast Air Cam Fracture Short Walker Boot Inflatable Walking Boot","78.715"
"Disposable Supply Implant Stabilizer Bands After Breast Surgery (D)","28.338"
"Hot Sale Elderly Fashion Foldable Adjustable Walking Sticks Cane Seat Elderly Led Cane With Chair Price","14.484"
"Rehabilitation Knee Walker Physical Therapy Training Equipment Handicap Scooter Lightweight Disabled Walking Aids","151.133"
"Rehabilitation Equipment Orthopedic Prosthetic Limbs Infrared Oven , Infrared Heating Flat Oven","12846.288"
"Artificial Limbs Casting Elastic Surgical Stockinette Nylon Prosthetic Leg","28.023"
"Rehabilitation Equipment Electric Hospital Bed Mattress For Homecare","881.608"
"Ysfbl760101 High Quality Rehabilitation Commode Chair For Elderly","47.229"
"Used Portable Diasbled Patient Electric Foldable Up And Down Stair Climbing Power Wheelchair Rehabilitation Equipment","1889.16"
"Sport 1 Folding Transport Wheelchair With Full Arms And Removable Swing-Away Footrest, Black","125.944"
"Mt Comfortable Foldable Design Steel Tube Full Bed Wheelchair For Sale","81.864"
"Stroke Rehabilitation Hanging Hammer Type Hand Exercise Table Finger Flexion And Extension Trainer","277.077"
"Rehabilitation Glide Rotator Elderly Walker Therapy Supplies Foldable Knee Walker With Knee Support","122.796"
"Amazon Hot Sale Rehabilitation Neck Support Traction Brace Cervical Collar Neck","20.75"
"Light Weight Wheelchair Adjustable Folding Manual Hand Push Wheelchair For Elderly Patient","91.31"
"Engin Good Price Hospital Wheelchair","629.72"
"Stroke Rehabilitation Robot Physiotherapy Equipment Hand Rehabilitation Trainer","771.407"
"Robot Assisted Rehabilitation Walking Asist Walking Rehabilitation Equipment","787150"
"Surgery Rehabilitation Finger Cot /Finger Splint","0.3149"
"Adjustable Back Therapy Posture Corrector Clavicle Back Brace Support Shoulder Belt Shoulder With Pump","11.084"
"Velpeau Neck Brace Cervical Spine Pain Cool Soft Silicone Neck Collar To Prevent Stiff Neck Support Brace For Sleeping","47.198"
"Height Adjustable Walker Ref913","15.743"
"Elbow Crutch Adjusting S M L Axillary Crutches Adjustable Lightweight Crutches","17.318"
"Teleco New Generation Inflatable Collar Neck Stretcher","62.972"
"Folding Walker Aluminum Walker Rehabilitation Therapy Supplies Lightweight Walker For Adults","37.784"
"Hochey Rehabilitation Disabled Wheelchair Foldable Full Reclining Manual Chair Lightweight Disabled Adult Children Chair","78.715"
"Folding Hand Adjustable Footrest Small Size Portable Rehabilitation Custom Color Wheelchair For Disabled","85.013"
"Wheelchair Lift With Toilet Seat Cushion Nursing Chair Bath Patient Elderly Transfer Wheelchair For Home Hospital Care","784.002"
"China Wheelchair Product Wheelchair Scale Stand Up Wheelchair","154.282"
"Rehabilitation Walking Assistant Walking Frame For Adult Using","488.033"
"Aluminum Folding Mobility Old People Standing Rollator Walker Walking Frame For Disabled People Lightweight Portable","31.172"
"Hot Selling Crutch Patient Underarm Walking Stick Old People Elderly Walking Aids","18.262"
"Biobase China 4 Legs Aluminum Alloy Lightweight Adjustable Elders Disabled Walking Stick Quad Cane","9.131"
"Chinese Manufacturers Walking Stick Crutch For Sale","10.076"
"Eswt Shockwave Therapy Machine Erectile Dysfunction Rehabilitation Therapy Eswt Supplies","5399.849"
"Orthopedic Rehabilitation Healing Post Operative Shoes","7.872"
"New Arrival Wholesale Supply Cheap Electric Wheelchair For Disabled Equipment For Rehabilitation","333.752"
"Stroke Hemiplegia Rehabilitation Training Physical Therapy Equipment Finger Board Grip Ball Fixed Finger Grip","15.429"
"High Performance Neurorehabilitation Rehabilitation Equipment Luna For Neuro-Motor Rehabilitation","108280.354"
"Cheap Rehabilitation Therapy Supplies Walking Training Folding Aluminum Alloy Walking Aid For Adult And Kid","50.378"
"Rollator Folding Walker Portable Adjustable Shopping Outdoor Aluminium Rollator Walker With Seat","110.201"
"Biobase Rehabilitation Wheelchairs Price Manual Wheelchair For Patients","311.712"
"Hot Selling Axillary Crutches Aluminum","10.076"
"Large Rollator Walker Compact Foldable Easy To Fold Lift & Carry Comes With Cane Holder Walking Rollator","122.796"
"Biobase China Wheelchair Home Rehabilitation Treatment 20 Inches Rear Wheel Wheelchair For Hospital","94.458"
"Patient Care Advanced Handicapped Foldable Lightweight Folding Power Electric Wheelchair","1253.143"
"Hochey 801 Ready To Stock Hospital Electric Foldable Wheelchair Factory Price","1254.34"
"Yb-Qzh Multi-Function Training","4408.04"
"Physical Therapy Shock Wave Rehabilitation Equipment","18888.452"
"Inflatable Ankle Orthosis Rehabilitation Shoes","180.667"
"Physiotherapy Home Assisted Stroke Hand Exerciser Hand Finger Rehabilitation Trainer Exercise Robot","613.977"
"Afo Foot Drop Orthosis Brace Upgrade Support","23.615"
"Breathable Heightened Double Airbag Adjustable Orthopedic Thoracolumbar Brace Rehabilitation Fixed Support","68.64"
"Hyperextension Brace Orthosis Lumbar Spine Orthosis For Jewett Brace","94.458"
"Recovery Rehabilitation Adjustable Orthopedic Hip Abduction Brace Hinged Hip Support Brace For Kids","66.121"
"Rehabilitation Therapy Equipment Rollator Walker Mobility Moving Disabled Upright Walker Foldable With Height Adjustable","138.539"
"Disposable Supply Post Surgery Abdominal Compression Band (M)","28.338"
"Rehabilitation Therapy Supplies Light Weight Hospital Home Adjustable Folding Aluminum Alloy Elbow Crutch For Disable","8.344"
"Artificial Limbs Easy Pull Sleeve Prosthetic Leg Products","47.229"
"Lumbar Support Orthosis Splint Body Jacket Low Temperature Thermoplastic Splints","220.402"
"Mt Manufacturer Folding Portable Electric Wheelchair Sale","1322.412"
"China Factory Soft Neck Orthopedic Support Soft Foam Neck Brace Adjustable Black Cervical Collars","3.149"
"Rehabilitation Exercise For Hand Physical Therapy Training Wrist And Finger Trainer For Orthosis","78.715"
"Velpeau Tendonitis Pain Relief Octopus-Shaped Splint Orthopedic Rehabilitation Thumb Protector","48.457"
"Cheap Aluminum Folding Walker Adjustable Portable Walking Frame With Seat For Clinic, Hospital Children, Adults, Elderly","31.172"
"Hospital Walking Rehabilitation Equipment Parallel Bars","913.094"
"Small Wheelchair Motorcycle Mobility Electric Scooter For Rehabilitation","944.58"
"Adjustable Hkafo Brace Orthosis Kafo Leg Brace Support With Lower Limb Support","330.603"
"Wheel Chair Brushless Motor Aluminum Foldable Electric Wheelchair Price Sillas Ruedas Cadeiras De Rodas","857.679"
"Emtt Magnetic Machine Extracorporeal Pain Relief Massage For Spa Home Magnetic Transduction Therapy","6294.052"
"Hospital Walking Rehabilitation Equipment Parallel Bars","913.094"
"Manufacturer Rehab Equipment Hand Exerciser","314.86"
"Wheelchairs In Kuwait Folding Wheelchair With Ce Certificate","409.318"
"Walker Foot Drop System Walking Aids For Dropped Foot Patients","9.446"
"Chinese Verified Supplier Pressure Relief Air Bed Mattress With Pump","170.025"
"Aluminium Adults Disabled Elderly Seniors Upright Walker Rollator Foldable Walker Frame Walking Aids","34.635"
"Multi Function Home Care Rehabilitation Clinic Bed","3463.46"
"Hip Knee Ankle Foot Brace Orthosis For Rewalk","330.603"
"Biobase Wheelchair Home Rehabilitation Double Brake Wheelchair For Lab","125.944"
"Mobility Equipment Table For Training Rehabilitation","34571.628"
"Biobase China Semi-Electric Hospital Bed Manufacturers Home Care Beds","406.17"
"Orthopedic Back Brace Thoracolumbar Orthosis","266.876"
"2023 Wholesale New Product Comfortable White Black Hand Rehabilitation Robot","469.142"
"Rom Knee Brace Support For Knee Pain/Knee Brace For Osteoarthritis/Knee Brace For Oa","45.498"
"Supplies Knee Brace Knee Joint Stabilizer Orthopedic Rom Advance Post Op Knee Brace For Rehabilitation","46.285"
"Luxury Upgraded Height Adjustable Orthopedic Thoracolumbar Brace External Fixation Support Rehabilitation","106.423"
"Multi-Functional New Rehabilitation Tools Europe Style Walking Aids Equipment For Disable And Elderly People","119.647"
"Disposable Supply Post Surgery Compression Bra (R)","37.784"
"Prosthetic Raw Material 22Cm Casting Elastic Surgical Cotton Stockinette Artificial Limb Leg","100.756"
"Eswt Shockwave Physiotherapy Equipment Rehabilitation Machine","5667.48"
"Adjustable High Quality Post Op Orthopedic Hinged Knee Immobilizer Support Brace Of Lower Limb Orthoses","330.603"
"Health Rehabilitation Neck Brace Cervical Collar Comfortable Collar Neck Brace For Relieve Cervical Pain","35.233"
"Rehabilitation Training Foldable Aluminum Steel Frame Walking Aid Walkers For Disabled Folding Walking Aid For Adults","31.172"
"Hospital Physiotherapy Rehabilitation Equipment Tilt Adjustable Rehabilitation Bed For Disabled","5667.48"
"Foldable Electric Power Patient Lift Hoist Lift","2830.592"
"Scooter Electric Mobility Four-Wheel Folding Scooter For The Elderly Electric Mobility Transformer Scooter","1826.188"
"Hospital Cerebral Palsy Equipment For Children/ Adult Type Standing Frame For Person","818.636"
"Rehabilitation Treatment Equipment Cross Trainer For 4 Limbs Made In China Hot Sale On Line","8186.36"
"Shoulder Posture Protector Wrap Brace Black Shoulder Support With Pump Belt Pain Relief Sport Use","11.084"
"Remote Control Automatic Electric Folding And Opening Wheelchair Power Wheel Chair For Disability","107.053"
"Orthopedic Instruments Orthotic Rubber Bowl Prosthetic Tools Prosthetic Plaster Mixing Bowl","9.446"
"Wholesale Adults Aluminum Disabled Foldable Crutch Walking Stick For Old","6.927"
"Biobase Walking Stick In Stock 4 Legs Rehabilitation Walking Stick For Disabled Elders Old Man","9.446"
"Equipment Rehabilitation Physical Therapy Table","34571.628"
"Orthopedic Lumbar Support Orthosis Lumbar Brace","467.032"
"Hospital Electric Finger Exercise Healthcare Multifunctional Stroke Hand Function Rehabilitation Robot Machine","613.977"
"Factory Price Nylon Knee Brace Knee Joint Protector Adjustable Knee Support","46.285"
"Foldable With Height Adjustable Rehabilitation Rollator Physical Therapy Training Equipment Walker Rollater","132.242"
"Adjustable Orthopedic Stabilizer Reinforced Fixed Belt Walking Strap Non-Slip Fixed Knee Joint Fixed Support","85.328"
"Adjustable Ce Cervical Neck Collar Cervical Collar Neck Brace For Neck And Shoulder Pain","33.061"
"Disposable Supply Post Surgery Breast Compression Garment Bands (A)","28.338"
"Anti Drop +A2:E29Water Resistant Noise Reduction Hearing Loss Seniors Rechargeable Deaf Bte Hearing Aid","20.466"
"Machine Digital Ear Amplifier Digital Cic Rechargeable Custom Hearing Aid","69.585"
"2022 Newest Low Price Wireless Noise Cancelling Hearing Aids Digital High Quality Rechargeable Elder Product Amplifier","32.431"
"Hearing Aid Cofoe Bte New Style Home Popular Adjustable Tone Sound Amplifier Hearing Aid","21.411"
"High Demand The Elderly People Products Hearing Aids For Amplifier","50.063"
"Rechargeable Digital Hearing Aid","136.97"
"Audifonos Para Sordos Bte Hearing Aids Rechargeable Heraing Aids For Deafness G25L","29.912"
"2021 Hot Sales Telecoil Trimmer Earhook Hearing Aid Microphone","47.229"
"100% Natural Beeswax Ear Candle Wax Removal Ear Cone Canding Ear Candle","0.126"
"Small Handy 4 Listening Modes Cheap Buy Oem Deaf Hearing Aid","34.635"
"Medical Ear Digital Hearing Aid","25"
"Hot Sale Ce Products Personal Sound Amplifier Rechargeable Hearing Aids","136.965"
"Hot Selling Product Digital Hearing Amplifier High Quality Power Rechargeable New Ear Hearing Aid Audifonos","15.114"
"Newest Design Rechargeable Xb-202 Electronic Hearing Aids Bluetooth And Headphones With 3 Pcs Earplug","25.126"
"New Products 2021 Unique Arrival Hot Products Earsmate Portable Hearing Aid For The Deaf For Japan Market","78.684"
"My-G057T-18 Medical Batteries Hearing Aid Price Cheap Sale Invisible Hearing Aids For The Deaf","3.149"
"Great-Ears G20B Bte Hearing Aid Ear Sound Amplifier Headphone For Elderly","11.65"
"Starkey Eargo Nano Widex Oticon Mini Hearing Aid Amplifier Sale Noise Cancelling Low Cost Bte","129.093"
"Digital Ric Hearing Aid Hot Sell Internal Hearing Aids For Hear Disable Person","62.972"
"100% Natural Beeswax Hopi Ear Candle Wax Removal Ear Cone Canding Ear Candle Sticks","0.4723"
"Deafness China Hearing Elderly Products Electric","78.715"
"Medical Ear Bte Dsp Digital Chip Hearing Aid","153.085"
"China Suppliers Audifonos Mini Invisible Hearing Aids For The Deaf Rechargeable Hearing Aid Isitme Cihazi","170.025"
"Ear Wax Removal Candle Bewax Ear Candles Fragrance 20Cm With Stopper Navel Candles","0.6298"
"China Manufacture Cheap Price Ear Machine Hearing Aid Tinnitus","31.486"
"Austar Hearing Aid In China Wholesale Aparelhos Auditivos Invisivel Hearing Aid Mould Wax Filter","94.458"
"Other Of Buy Cheap Price Of Rechargeable Hearing Aid Amplifier Invisible Mini Hearing Aids For Deafness","47.229"
"Elderly Medical Rechargeable Earphone Hearing Aid","67.695"
"Best Selling Medical Hearing Aid Earphone Earplugs Sound Amplifier Aid Hear For Hearing Loss","125.315"
"For In-Ear Mini-Invisible Hearing Aids Audifonos","17.318"
"China Oem Rechargeable Hearing Aid Medical For Seniors","17.349"
"Hearing Aids Rechargeable Bte Portable Mini Noise Reduction Hearing Aid","308.563"
"Min Rechargeable Ear Buy Hearing Aid Digital Amplifier Hearing Appliance","440.49"
"Rechargeable Digital Ric Hearing Aid","812.339"
"Products Listening Devices China Bte Hearing Aid","26.291"
"Medical Ear & Hearing Products Rechargeable Bluetooth Batteries Hearing Aids Price List","73.993"
"Wholesale Ear Candle/Wax Ear Candle/Beeswax Indian Ear Candle For .Oem","0.9131"
"Products Best Product High Value Rechargeable Hearing Aids","31.172"
"Wholesale Hearing Aid Amplifier","18.892"
"Portable Digital Hearing Aids For The Deaf Hearing Aid For Deafness Price","9.446"
"Medical Ear Bte Digital Hearing Aid","223.52"
"Pure Beeswax Indian Ear Candle For Salon","2.677"
"Factory Rechargeable Economical In The Ear Hearing Aids Sound Amplifier Aid Waterproof Color Beige Aid","11.556"
"Elderly Food Grade Approved Medical Equipment Resound Hearing Aid Ear Tip China Bte Hearing Aid Ear Plugs","0.0315"
"Hearing Loop Device Wdrc Digital Hearing Aid Ear Aids","122.796"
"Quality Hearing Aid Amplifier Rechargeable Hearing Aid Wireless Phone Call Hearing Aid","314.231"
"High Quality Digital Programmable Rechargeable Hearing Aid App Control","729.752"
"Trending Products 2021 New Arrivals Rechargeable Bt Hearing Aid Amplifier","28.338"
"Machine Digital Ear Amplifier 10 Channels Rechargeable Custom Hearing Aid","182.619"
"China Very Popular Ear & Hearing Products Hearing Aid Ear Aids Audifonos Medicados Other Healthcare","9.068"
"Factory Direct Selling Popular Hearing Aid 10 Cell Products Comfortable","724.178"
"Custom Best Ear Hearing Aid Prices Elderly Assistive Listening Device Hearing Loss Products","11.021"
"High Value Comfortable Hearing Products Adjustable Volume And Programs Deafness Equipment","141.687"
"Fragrance Ear Wax Remover Candle Fragrance Wax Hopi Candle With Tube For","0.5668"
"Other Healthcare Of Amplifier Invisible Hearing Aid Mini Hearing Aid With Mdr Ce Certificate From China Manufacturer","80.29"
"Cheaper Hearing Aids Usb Charging Port Hearing Loss Mini Portable Aids For Deafness","68.01"
"Aparelhos Auditivos Rechargeable Hearing Loss Intelligent Denoising Digital Hearing Aid For Deaf Deafness","189.011"
"New Arrival Low Cost Digital Rechargeable Hearing Amplifier For The Deaf Invisible Prices Ear Hearing Aid","59.509"
"Rechargeable Blue Tooth Bt Hearing Aid Nano Hearing Aids G25Bt","42.507"
"Bte Ear Aids Sound Amplifier Deaf Hearing Earphone For Adults Great-Ears G20","11.021"
"Ear Hearing Products Wireless Earphones Hearing Aids For Deafs","157.43"
"Hot Selling Product Digital Hearing Amplifier High Quality Power Rechargeable New Ear Hearing Aid Audifonos","28.338"
"Factory Wholesale Psap Rechargeable App Hearing Aid Digital Ear Aid Sound Amplifier For Hearing Loss","125.315"
"Ear Amplifier For To Sell Online Innovative Unique Products 2021","100.756"
"China Hear Amplifier 90Db 4 Channels Cheap Hearing Aids Bte Aid For Seniors Of Spieth","154.282"
"Wholesale Audifono Para Sordera Aid Auditive Blue Tooth Rechargeable Product","62.972"
"Products Hearing Aid Best Bte Analog Rechargeable Sound Amplifier","25.189"
"High Quality Cheap Hearing Aids Hearing Aids Rechargeable Amplifier Bluetooth Wireless Hearing Aid For Deaf","37.469"
"Great-Ears G17 Manufacture Hearing Aid For Hearing Loss Elderly","29.912"
"Medical Ear Wholesaler Digital Bte Hearing Aid","122.796"
"Portable Mini In Ear Invisible Sound Amplifier Adjustable Tone Digital Hearing Aid Rechargeable For Deaf","17.318"
"Digital Bt Bte Hearing Aid Gio 402Bt Retone New Design Digital Mini Amp Hearing Aid 9021400000 Adjustable","239.294"
"China Oem Hearing Aid Earbuds Hearing Rechargeable Aids Digital Medical Hearing Aids For Seniors On Tv","173.173"
"2021 Best Selling Battery New Amazon Popular Product Ear Sound Amplifier Hearing Aid","78.715"
"Voraiya Suppliers G400 Amazon Sells Otc Old Man Hearing Aid Earphone","65.177"
"New Product Wholesales Medical Hearing Aids Rechargeable Noise Reduction Behind Ear Digital Hearing Aid For Deafness","43.042"
"8 Channels Processing 3 Program No Whistle Hearing Aid Non-Programmable Products","88.161"
"2020 New Economical Hearing Amplifier Digital Hearing Amplification For The Deaf Accessories Bte Ear Hearing Aid","13.288"
"Set Package Popular Product Indian Hopi Ear Candle Remove Earwax Ear Candle","0.3779"
"F-998B Deafness Sound Amplifier Best Selling Products For Elderly Healthcare Tools Products","78.715"
"Hot Sale Newest Product 100% Natural Bee Wax Ear Candles For Ear Cleaning Oem Odm Ddp","0.7872"
"New Trending Product Jinghao Ce Iso Cic Invisible Mini Hearing Aids","47.229"
"Indian Ear Candle Product 100% Natural Beeswax Ear Wax Removal Candle","5.668"
"Best Price Hearing Aid Cleaning Brush With Magnet And Loop Product Audfonos Hearing Aid Accessories","0.6298"
"Hodaf Tray Fragrance Aromatherapy Ear Wax Removal Ear Treatment Indiana Candling Ear Candle","0.3149"
"Wireless Aids Rechargeable Hearing Loss Intelligent Denoising Digital Hearing Aid For Deaf Deafness","189.011"
"Medical Device Rechargeable Digital Hearing Aid Portable Wireless Ear Amplifier For Elders Deafness People","132.871"
"Hearing Aid Hearing Amplifier Battery Audifonos Para Sordos G10","12.595"
"Retone 2021 Digital Bte Hearing Aid 2 Channels Wdrc Amplifier Microphone Hot Selling","47.229"
"New Products Earphone For The Deaf Price Rechargeable Charging Case Hearing Aid G12X","29.912"
"Jinghao Medical Ear Rechargeable Digital Hearing Aid","136.965"
"Morden Style Trending Product 2022 New Arrival Hearing Aid","20.466"
"Ear Mini Electric Intelligent Volume Hearing Aids For Elderly Audifonos Medicados Digitales","47.229"
"Bte Hearing Aid Suitable For The Elderly Hear Rechargeable Hearing Aids Digital","251.259"
"Digital Beautiful New Style Comfortable Ear Hearing Portable Hearing Aid","245.591"
"High Quality Digital Rechargeable Hearing Aid","67.695"
"Product Private Label Honey Ear Wax Candle For Ear Cleaning","0.2834"
"Small Package Hearing Aid Wax Guard Filter In Other Healthcare","3.149"
"Jinghao Otc Products Listening Devices China Bte Hearing Aid","47.229"
"Hot Sale Ce Products Personal Sound Amplifier Rechargeable Hearing Aids","26.291"
"New Products 2022 Unique Trending Products Hearing Aids Rechargeable Products","17.349"
"Cofoe Ear Hearing Aids Wholesale Hearing Aid Amplifier With Usb Charger","26.764"
"New Products 2022 Best Quality Suppliers Rechargeable Digital China Hearing Aid","147.985"
"Newest Wholesale Aiding Hear Products Wireless Audifonos Invisible Hearing Aids For Deafness Other Healthcare","39.358"
"Most Selling Product In Alibaba China Bluetooth Hearing Aids For Seniors","73.993"
"America And Europe Hot Sell Medical Ear Products Body Wear Equipment In Clinic","141.687"
"Personal Products Ear Instrument Amplifier Telecoil Hearing Aid For Old Man","221.347"
"Ear Hearing Product Ear Wax Remover Ear Candle Organic","0.8187"
"Other Healthcare Bme001 Best Prices Ear Hearing Aid Products","34.635"
"Acosound Ric Digital Hearing Aids Ric China Price For Products","532.114"
"Trumpet Shaped Beeswax Ear Cleaner Ear Wax Removal Tool For","0.3149"
"Ear Cleaner Happy Ear Ear Candle 100% Pure Beeswax","0.6298"
"Oticon Opn Rite Mini Bte Digital Hearing Aid New Launch 2018 Hearing Aids Healthcare Wholesale Rechargeable Digital","2906.992"
"Universal Bte Hearing Aids Smart Noise Reduction 4 Channel Wdrc Processing Ear Hearing Aids","100.756"
"High Quality Hearing Aids Usb Charge Other Healthcare Lcgfs-10","1613.784"
"Latest Product Healthcare Comfortable Wear Hearing Solutions Made-In-China Low Price Pocket Hearing Aids For Sale","11.965"
"Medical And Products, Compact And Easy To Wear, Ear-Hanging Hearing Aids For Middle-Aged And Elderly People","53.527"
"Hot Sale Hearing Amplifier Ear Device Loss Aid For Elderly Deaf Hearing","106.266"
"2021 Healthcare Wholesale Rechargeable Digital Cheap Mini Hearing Aids For Deaf Ear & Hearing Products","18.514"
"Ear Wax Remover Candle Fragrance Wax Hopi Candle With Tube","0.5668"
"Cheaper High Quality Healthcare 12 Channel Dsp Digital Chip Hearing Aid For Reselling","153.085"
"Healthcare Relax Aroma Cone Ear Candle","0.6927"
"Super Invisible Hearing Aids Other Healthcare Power Bank Function Device For Hearing Loss Hearing Aids Factory","47.229"
"Devices Price Mini Rechargeable Hearing Loss Ear Hear Products Aid Deaf Hearing Aids For Seniors","195.214"
"Safety Enno Hearing Aids Rechargeable Amplifier For The Old People","50.063"
"Noise Reduction Hearing Amplifier Hearing Losses Invisible Ite Hearing Aids Amplifier For Seniors","110.201"
"G17 Amplifier Sound Amplifier Audifonos Para Sordera Adjustable Hearing Aids","29.912"
"Hot Selling Charging Mode Hearing Aid Sound Amplifier Invisible Design Rechargeable Beige/White Smart R Ce","377.832"
"Petiro S1 Handheld Vet Ultrasound Scanner Ecografo Portatil Medical Ultrasound","2046.59"
"Hcy 5Min Animal Disease Rapid Test Kit Dog Canine Parvovirus Test Kit","1.638"
"Beijing Eaven Medical Spay Pack Dental Kit","787.15"
"Portable Clinic Equipment Digital Thermometer","18.892"
"Pet Small Size Easy Use Other Fiber Material Electric Pet Grooming Table","500.628"
"Orthopedic Plate L Shape Titanium","31.486"
"Stainless Steel Surgical Table Operation Table Vet Surgical Table For Clinic","1256.292"
"Orthopedic Mini Micro Small Fragment System/Set 1.5/2.0/ 2.7/3.5/4.0Mm Orthopedic","1259.44"
"Needles Used For Pigs","0.1669"
"Pig Spiral Cylinder Artificial Insemination Catheter Gun Straw Kit Artificial Insemination Equipment","0.2519"
"Burdizzo Bloodless Castrator 12"" Bloodless Emasculator/Castrating Tool/ Live Stock &","55.416"
"1801 Pet Icu Incubator Clinic Animal Incubators Puppy Dogother","626.572"
"Stainless Steel Best Quality Nose Pliers Vet Kits","56.675"
"Medical Equipment Surgical","1983.618"
"Farriers Tools Horse Hoof Loop Knife Blade","9.446"
"Eurpet Surgical Medical Pet Hospital Stainless Vet Table For Pet","314.86"
"High Quality Castrator Supplier Custom Logo Burdizzo Castrator Wholesale Castration Forceps Emasculatome","22.041"
"Stainless Steel Rabbit & Rodent Tartar Removing Forceps / Small Animal Tooth Forceps By Forgwell Industrie","11.021"
"Healing Wound Care Laser Therapy For Pain Relief Pet Dogs Horses Cats Physiotherapy Equipment","220.402"
"Orthopedic Multi-Functional Wire Twisting Forceps","103.904"
"Widely Used Animal Farm Stainless Steel 0.25Ml Cattle Cow Artificial Insemination Gun Cattle Sheep Gun","6.298"
"Stainless Steel No Blood Castration Equipment","7.085"
"Ob Chain Handle Dip Coated For 30'' 45'' 60'' Chains Calving Vet Birth Delivery Calf Foal Fetus","3.118"
"2.0/2.4/2.7/3.5Mm Tplo Orthopedic","311.712"
"Medical Premium Disposable Factory Produced Sterile Animal Urinary Catheter Pvc Cat Catheter","3.149"
"Aluminum Alloy Ear Tag Plier Puncher Pig Cow Sheep Identification Tool Livestock","25.063"
"Farrier Hoof Knife Stainless Steel With Wood Handle","5.511"
"Rabbit Artificial Insemination Gun Artificial Insemination","77.141"
"Podiatry Debridement Pack/","25.189"
"China Supplier High Quality Stainless Steel Bloodless Burdizzo Castrator For Cattle","56.675"
"Kd303 Zjkr Farming Jeringas Vacuna Plastic Steel Syringe Tpx Animal Vaccine Syringe Injector","3.464"
"Therapy For Diode Laser 980Nm","20465.9"
"Animal Obstetric Set Obstetric","267.631"
"Insemination Artificial Insemination For Dog Artificial Insemination Kits","1574.3"
"Orthopedic Box Set1.5/2.0/2.4/2.7/3.5 Mm Bone Surgical","4093.18"
"Vs-V023 Hd Camera Insemination Equipment / Dog Cow Horse Sheep Vet Artificial Insemination Device","944.58"
"Best Otoscope Set With Led Light Hospital Medical Diagnostic Surgical","31.486"
"Msu3 Full Digital Mechanical Sector Ultrasonic Diagnostic","2739.282"
"Best Stainless Steel Animal Use Pig Castration Knife","7.242"
"Animal Anesthesia Mask Vet Firefighter Pet Dog Oxygen Nebulization Therapy Mask","147.985"
"Modern And Advanced Technology Surgical Stainless Steel Trocars","9.446"
"90Cm Long Sleeve Plastic Gloves Artificial Insemination Gloves","54.471"
"Bull Holder Coild Spring/Bull Lead With Coiled Spring","0.3149"
"Hausman Emasculators Castration 23Cm","47.229"
"Stainless Steel Handle Self Control Pig Catcher","24.874"
"Equine Dental Float Rasp Straight Myi-Vet-0010","28.306"
"Pet Tablet Or Capsule Feeding Tool Pill Syringe Medicine Injector For Dogs And Cats","0.7242"
"Wholesale Cheap Gel Syringe Plastic Medical Packaging Small 5Ml Treating Cow Mastitis Syringe","0.2519"
"Molar Forceps With Adjustable Screw New Ce","28.338"
"Titolo Declaw Clamp 6 1/4 Inch","3.149"
"99.8% Accuracy Automatic Syringe Pig Livestock Large Animal Injection Vaccine Syringe","110.201"
"Animal And Equipment Steel Cats Stainless Gray Color Dogs Health Pets Material Origin Care Pan Certificate Size Year","8.155"
"Best Selling Infusion Warmer Animal Fluid Warmer For Pet Hospitals","346.346"
"Oem Service Custom Packaging Animal Other Long Pe Gloves","72.418"
"Factory Price Portable Digital Blood Pressure Monitor For Pet","450.25"
"Equipment","0.2834"
"Castration Animal Stainless Steel Castration / Best Selling","37.784"
"Animal","941.432"
"Steel 5Ml Plastic Syringe Without Dose Nut","2.362"
"Other","3.149"
"Curved Type Surgical Operating Scissors Forceps Disposable Operating Forceps For Pig","14.169"
"Clincher Curved Jaw Farrier Tools Equine High Quality Stainless Steel Hoof Clincher","29.912"
"Factory Supply Endoscope Endoscopy Camera System","7241.78"
"Knee Set Of 9Pcs To Repair Knee Injury In Animals, Knee Surgery Set","119.647"
"Ear Notcher Roof Notch Ear Notcher","6.298"
"Sialkot Pakistan Made Supplier Wholesale Cloverleaf Cut Shape Ear Notcher /Flower Shape Ear Notcher Germed","20.939"
"Amain Oem/Odm Factory Amvtm 8L Outdoor Portable Medical Equipment Vet Heart Respiration Monitor Clinical Analytical","1410.573"
"Pet Animal Thermometer Automatic Power Off Thermometer Thermometer","3.118"
"Tope Sale Reusable Stainless Laryngoscope","220.402"
"Sinohero Sh-508I-Vet Medical Syringe Infusion Pump Injector Syringe Pump For Animals Hospital Clinic","563.6"
"Dogs Cats Feeding Medicine Injector","0.6298"
"980Nm 650Nm Laser Pet Therapy Machine Small Animals Laser Therapy Equipment Pain Therapy","5034.612"
"Cattle Ai Long Gloves For Cow Artificial Insemination Equipment","51.952"
"Float Rasp Equine Dental Horse Straight Mgi-162","40.901"
"Verboczy With Clamping Parts","28.338"
"Carmalt Splinter Straight Tweezer 4.5"" Surgical By Homedica Intl","9.446"
"Orthopedics 10 Pcs Set Good Quality Stainless Steel Surgical Medical By Zabeel Industries","3.149"
"Knife Bull Holders Ring Pliers","3.149"
"Portable Animal Anesthesia Machine Diagnosis & Injection 25~75L/Min Emergency 0.5-6.0K 110/220V Hape-01","3148.6"
"Bull-Holder Without Chain For","12.595"
"Equipment Cart Trolley Surgery Medical Table Stainless Steel Surgical Operating Table Vet Operating Table","377.832"
"Equipment Ai Gun Gloves Cattle Farm Cow Artificial Insemination Gun For Cattle Materials Tools En Bovinos","9.32"
"Syringe Stainless Steel Needles Animal Syringe Needle","0.3149"
"Newberry Castrating Knife First Aid Stainless Steel Ce Approved","56.266"
"10Ml Automatic Syringe Continuous Syringe","31.486"
"Emasculator Cut The Tail And Crunches The Blood Vessel Castration Forceps High Quality","12.752"
"Reasonable Price Stainless Steel Hoof Knife With Wood Handle For Sale","6.298"
"Bull Nose Ring In Copper Ring Bull Nose Holders Cattle Leaders Nose Pincer","9.1"
"Cheap Price Best Quality Balfour Retractors Abdominal Retractor Large Pattern","31.486"
"Popular , Emasculating Equipment, Trocars And Teat Equipment","3.149"
"Gigli Saw Wire Neuro Surgical &","3.149"
"High Quality Bloodless Castrator Cattle Horses Bulls Forceps","31.486"
"Wj113 1Ml 2Ml 5Ml Syringe For Poultry, Automatic Syringe, Vaccine Fowl Injection","18.262"
"6""To24"" Homostate Forceps Set Of 7 Pieces Snake Reptiles Feeding Tongs Tweezers Stainless Steel Ce Iso","3.621"
"Equine Dental Float-Rasp Horse","47.229"
"Trimming Hooves Tools Metal Cheap Price Horse Hoof Nippers For Sale","37.784"
"Best Immunochromatography Quantitative Analyzer For Animal Disease","2204.02"
"Sy-W003 Animal Monitor Price","944.58"
"Hoof Tester 13"" Equine Tool High Quality Upgraded Pattern Stainless Steel Ce Approved","62.972"
"Pro Enterprises Of Iowa, Inc. Multi-Bolus Metal Balling Gun 2021 Customized","16.468"
"Pig Ear Mark Pliers Stainless Steel Ear Punch Marking Tools Accessories Wholesale Ear Marking","15.743"
"Pig Dental Forceps Stainless Steel Animal And Equipment Good Quality","12.595"
"Surgical Adjustable Hoof Tester 15 Farrier Horse Equine","28.338"
"Handmade 15"" Best Hoof Cutter Stainless Steel / For Horse Foot Rots","63.571"
"Double Edge Hoof Knife Left Hand With Wooden Handle Goats Pick Trimming Knives Cattle Horse Hoof Knife","4.723"
"Competitive Price Surgical Wire Twister","50.378"
"High Quality Trocar Equine Float Rasp Down Surgical","18.892"
"Full Set Stainless Steel Animal Tattoo Plier","50.378"
"Farm Cattle Weaner","0.3149"
"Emasculator Double Crush 9"" & 12""","28.18"
"Satterlee Bone Saw 12"" Orthopedic Surgical","24.874"
"Cpv Ag Canine Parvovirus Rapid Test Kit Snap Test Parvo For Dogs Other Vet Test Kit","1.89"
"Cheap Multi Purpose Hoof Nipper Farrier Tools","25.158"
"Syringe Livestock And Fowl 5Ml Drenching Medicine Gun For Animal Injection","24.874"
"Bluesao Orthopedic Large Size Sterilization Tray Holds Implants With High Quality","431.359"
"High Quality Pet Product Feeding Kit China Supply Pet Medicine Injector","1.512"
"Rasp Barness Dehorner Horn Cutter With Metallic Handle, Best Quality Dehorner Other","23.615"
"Lambert-Lowman Bone Clamp L M S Orthopedic","81.864"
"Premium Castrator Burdizzo 9"" Castration","55.101"
"Hot Sell Insemination Standard Artificial Insemination Gun","535.262"
"Stainless Steel Hoof Tester .","42.507"
"Medical Operation Cart 304 Stainless Steel Lifting Surgical Auxiliary Table","519.519"
"Syringe Livestock And Fowl 5Ml Drenching Medicine Gun For Animal Injection Balling Guns","6.298"
"Hot Selling 100% Quality Kit Stainless Steel","62.972"
"Endoscope Gastroscope System Full Set","2361.45"
"Anesthesia Equipment","6926.92"
"2022 New Model Pakistan Supplier Hot Selling Good Quality Bloodless Castrator For Sale","22.041"
"Vet Pets Stainless Steel Hydraulic Examination Table Portable V-Top Operation Electric Surgical Table","3775.172"
"12.1 Inches Tft Display Vet Handheld Monitor For Animal Use Monitor Vital Sign","1416.87"
"Kirschner Wire And Rod Cutter Forceps Orthopedic Surgical Used Equipment For Sale","251.888"
"Shoe Puller 12"" Farrier Tools Shoe Puller 12"" Horse Shoe Pull Off Hoof Nippers 12"" Nail Cutter","33.061"
"Tta Saw Blade With Completed Sizes Available For Canine","3180.086"
"S-150 Hand-Held Slit Lamp Equipment Portable Slit Lamp Other Eye Testing Use With Smartphone","2188.277"
"Factory Supply Wholesale Super Cut Metzenbaum Scissors Straight And Curved With One Blade Serrated","9.415"
"Moveable Animal Use Anesthesia Machine Intellvet Iv-1200","4722.9"
"Professional Manufactures Bull Nose Holder Multi-Size Holders For , Cattle Bull Nose Holders","15.743"
"Retractor Stainless Steel Surgical High Quality","9.446"
"Stainless Steel Teat For Sale Custom Made Size Best Teat Made With Quality Material","6.298"
"Plastic Syringe 20Ml,Plastico Bloqueo Jeringa Luer,","2.519"
"Stainless Steel Injection Needles Syringe Needle Varisized Poultry Livestock","0.063"
"Good Quality Medical Exanination Light Operating Theatre Lamp Surgical Light","3463.46"
"Cow Pregnancy Strips Wholesale Disposable Safety Cattle Cow Urine Pregnancy Test Strip For Sale","0.1575"
"Assured Quality Orthopedic Surgical And Implants Locking Plates Trauma Implants Surgery Implants","226.7"
"Hoof Care Custom Made Stainless Steel Hoof Nipper","9.446"
"Economic Dental Equipment Trolley Cart With Casters","2386.639"
"Ear Tattooing Plier For Animal Alphanumeric Digit Tattoo Pliers Hot Sale Junzi Surgical","14.169"
"Poultry 2Ml Vaccination Syringe Automatic Continuous Syringe Injector For Sale","56.675"
"Hd-8000D China Portable Cardiac Monitor With Ambulance Aed Defibrillator","9445.8"
"New Cart Type Electrocardiograph With Tilting 5 Inch Hd Lcd Screen","1426.316"
"In Stock Elastomeric Infusion Pump Portable Electric Medical Infusion Pump For Vet Hospital Bomba De Infusion","793.448"
"Hstar 6 Parameter 12.1 Inch Portable Heart Vital Sign Vet Patient Monitor Hospital Animal Icu Monitor","897.351"
"Handheld Ultrasound Sheep Pig Animal Pregnancy Scanner Ultrasound Machine","8816.08"
"Bird Feeding Needle Drench Cannula Luer Lock Cannula Animal Feeding Needle","14.169"
"Skin Diagnostic Equipment","314.86"
"Custom Stainless Steel Animal Injection Needle Hypodermic Animal Needles","0.9446"
"Artificial Insemination Device Animal Artificial Ai Gun","1127.199"
"M10 5.6 Inch 9W Color Screen Probe Preheating Animal Pregnancy Vet Test Handheld Ultrasound Machine","2515.732"
"Ceiling Animal Ot Light Led Surgical Shadowless Operating Light Led Operating Room Prices","5982.34"
"Ai Sheaths Cover Santairy Sleeve Withe Ai Gun Artificial Insemination Products Uee For Cow Horse Animals","5.983"
"Pet Brooder Nursery Icu Puppy Dog Pet Incubator Pet Cradle Animal Use Cheapest Portable Icu","2141.048"
"High Quality Coronavirus Tests Rapid Coronavirus Tests Kit For Dog Home Use Pet Care One Step Rapid Test Kit","7.872"
"Professional Vet Monitor Spo2 Blood Pressure Pulse Rate Blue Tooth Portable Animal Monitoring Blood Pressure Pet","878.46"
"Farm Circlip Insemination Gun Universal Type Stainless Steel Insemination Gun","94.458"
"Handheld Ultrasound Sheep Pig Animal Pregnancy Sonar Scanner Ultrasound Machine","2518.88"
"12.1 Inch Hospital Clinic International Standard Permanent Body Temperature Probe Vet Patient Monitor","2043.442"
"Clinic Stainless Steel Pet Ultrasound Table With Facuets Pet Vet Operation Table","1401.127"
"Factory Price Orthopedic 4.0Mm Locking Plate Set Surgical","1196.468"
"Crossley Molar Stainless Steel/","8.817"
"Farriers Tools Horse Hoof Loop Knife","18.892"
"Artificial Insemination Kit Gun For Cow Insemination","40.932"
"Eur Pet High Performance Anesthesia Machine With Isoflurane Evaporator","1256.292"
"Laptop Ultra Sound Machine& Ecography Dw500Other","629.72"
"Farm Cattle Horse Hoof Knife Shears Right Handed Double Edge Sheep Goat Pig Castration Animal Foot Pruning Tools","3.149"
"Factory Hot Sale Long Sleeve Plastic Artificial Insemination Examination Gloves","14.547"
"Bloodless Castrator For Lambs","38.571"
"Podiatry Assistant Pack/","25.189"
"Orthopedic Stainless Steel Spay Pack","850.122"
"Animal Europlex Metal Gun Syringe 30Ml - 50Ml Animal &","6.298"
"Metal Syringe Injection Glass Sampler Livestock Stainless Steel","26.764"
"Laryngoscope Set Hospital Medical Diagnostic Surgical 9 Pcs Set","62.972"
"X Ray Reference Ball Orthopedic","103.904"
"Potable Dehorning Fast Remove Cattle Horn Machine Manual Calf Sheep Goat Dehorner Wire Saw","56.675"
"Protatable Color Vet Ultrasound Device / Veteinary Equipment /","2833.74"
"Medical Sterile Animal Urinary Catheter Cat Catheter","0.3149"
"Tplo Jig Small Stainless Steel Orthopedic Implants Orthopedic Surgical","1221.657"
"Beijing Eaven Medical Tplo Saw Medical Electric Power Drill Tools Orthopedic","3306.03"
"Equine Stomach Equine Stainless Steel Tube Equestrian","94.458"
"20G 25Mm(1Inch) Stainless Steel Needles Syringe Metal Needle","1.26"
"Dog Ear Cropping Clamps With Teeth Doberman Pitbull Ear Cropping Tools For Vet Clinic","49.308"
"Syringe Stainless Steel Needles Animal Syringe Needle","1.543"
"Hot Sale Medical Equipment Surgical Sets Screw Box Box For Screw And Plate","188.916"
"Quality Animal Castration","18.892"
"Surgical Surgical Animal Pet Surgical Set","94.458"
"Yushuoda Equipment Surgical Table","1259.44"
"Osteotome German Stainless Steel Orthopedic","3.149"
"Top Hoof Knife With Wood Handle","5.511"
"Popular Sale Therapy For Vet Diode Laser 980Nm","9445.8"
"High Quality & Surgical | Alligator Forceps 3.5"" Surgical","3.149"
"Hoof Knife With Wood Handle High Quality Hoof Knife","6.298"
"Mayo Hegar Needle Holder 7"" German Dental Surgical","3.149"
"Batersuarg---Visual Artificial Insemination Gun (Cow)/Animal / Transcervical Insemination Gun(Cattle)","629.72"
"Clinic Operation Table, Equipment Animals Vet Operation Table/","1416.87"
"High Quality Bloodless Castrator With Cord-Stop For Bull And Big Animals","78.715"
"Direct Factory Wholesale Top Price Stainless Steel Tool Kit New Arrival Farrier By Entonia Industry","18.892"
"High Quality Professional ,Farrier Tools ,Half Round Farrier Horse Hoof Nipper Heavy Duty","23.458"
"Orthopedic Set For","283.374"
"Poultry Cow Mastitis Super Paddle Test","1.575"
"Your Pet Care Dog Ccv Test Kit/Canine Rapid Test/Vet Test Detection","57.935"
"Hausman Emasculators Castration Manufacturers Sialkot Pakistan","34.63"
